date,d,wday,is_holiday,wm_yr_wk,snap_CA,snap_TX,snap_WI,is_weekend
2011-01-29,d_1,1,0,11101,0,0,0,1
2011-01-30,d_2,2,0,11101,0,0,0,1
2011-01-31,d_3,3,0,11101,0,0,0,0
2011-02-01,d_4,4,0,11101,1,1,0,0
2011-02-02,d_5,5,0,11101,1,0,1,0
2011-02-03,d_6,6,0,11101,1,1,1,0
2011-02-04,d_7,7,0,11101,1,0,0,0
2011-02-05,d_8,1,0,11102,1,1,1,1
2011-02-06,d_9,2,1,11102,1,1,1,1
2011-02-07,d_10,3,0,11102,1,1,0,0
2011-02-08,d_11,4,0,11102,1,0,1,0
2011-02-09,d_12,5,0,11102,1,1,1,0
2011-02-10,d_13,6,0,11102,1,0,0,0
2011-02-11,d_14,7,0,11102,0,1,1,0
2011-02-12,d_15,1,0,11103,0,1,1,1
2011-02-13,d_16,2,0,11103,0,1,0,1
2011-02-14,d_17,3,1,11103,0,0,1,0
2011-02-15,d_18,4,0,11103,0,1,1,0
2011-02-16,d_19,5,0,11103,0,0,0,0
2011-02-17,d_20,6,0,11103,0,0,0,0
2011-02-18,d_21,7,0,11103,0,0,0,0
2011-02-19,d_22,1,0,11104,0,0,0,1
2011-02-20,d_23,2,0,11104,0,0,0,1
2011-02-21,d_24,3,1,11104,0,0,0,0
2011-02-22,d_25,4,0,11104,0,0,0,0
2011-02-23,d_26,5,0,11104,0,0,0,0
2011-02-24,d_27,6,0,11104,0,0,0,0
2011-02-25,d_28,7,0,11104,0,0,0,0
2011-02-26,d_29,1,0,11105,0,0,0,1
2011-02-27,d_30,2,0,11105,0,0,0,1
2011-02-28,d_31,3,0,11105,0,0,0,0
2011-03-01,d_32,4,0,11105,1,1,0,0
2011-03-02,d_33,5,0,11105,1,0,1,0
2011-03-03,d_34,6,0,11105,1,1,1,0
2011-03-04,d_35,7,0,11105,1,0,0,0
2011-03-05,d_36,1,0,11106,1,1,1,1
2011-03-06,d_37,2,0,11106,1,1,1,1
2011-03-07,d_38,3,0,11106,1,1,0,0
2011-03-08,d_39,4,0,11106,1,0,1,0
2011-03-09,d_40,5,1,11106,1,1,1,0
2011-03-10,d_41,6,0,11106,1,0,0,0
2011-03-11,d_42,7,0,11106,0,1,1,0
2011-03-12,d_43,1,0,11107,0,1,1,1
2011-03-13,d_44,2,0,11107,0,1,0,1
2011-03-14,d_45,3,0,11107,0,0,1,0
2011-03-15,d_46,4,0,11107,0,1,1,0
2011-03-16,d_47,5,1,11107,0,0,0,0
2011-03-17,d_48,6,1,11107,0,0,0,0
2011-03-18,d_49,7,0,11107,0,0,0,0
2011-03-19,d_50,1,0,11108,0,0,0,1
2011-03-20,d_51,2,1,11108,0,0,0,1
2011-03-21,d_52,3,0,11108,0,0,0,0
2011-03-22,d_53,4,0,11108,0,0,0,0
2011-03-23,d_54,5,0,11108,0,0,0,0
2011-03-24,d_55,6,0,11108,0,0,0,0
2011-03-25,d_56,7,0,11108,0,0,0,0
2011-03-26,d_57,1,0,11109,0,0,0,1
2011-03-27,d_58,2,0,11109,0,0,0,1
2011-03-28,d_59,3,0,11109,0,0,0,0
2011-03-29,d_60,4,0,11109,0,0,0,0
2011-03-30,d_61,5,0,11109,0,0,0,0
2011-03-31,d_62,6,0,11109,0,0,0,0
2011-04-01,d_63,7,0,11109,1,1,0,0
2011-04-02,d_64,1,0,11110,1,0,1,1
2011-04-03,d_65,2,0,11110,1,1,1,1
2011-04-04,d_66,3,0,11110,1,0,0,0
2011-04-05,d_67,4,0,11110,1,1,1,0
2011-04-06,d_68,5,0,11110,1,1,1,0
2011-04-07,d_69,6,0,11110,1,1,0,0
2011-04-08,d_70,7,0,11110,1,0,1,0
2011-04-09,d_71,1,0,11111,1,1,1,1
2011-04-10,d_72,2,0,11111,1,0,0,1
2011-04-11,d_73,3,0,11111,0,1,1,0
2011-04-12,d_74,4,0,11111,0,1,1,0
2011-04-13,d_75,5,0,11111,0,1,0,0
2011-04-14,d_76,6,0,11111,0,0,1,0
2011-04-15,d_77,7,0,11111,0,1,1,0
2011-04-16,d_78,1,0,11112,0,0,0,1
2011-04-17,d_79,2,0,11112,0,0,0,1
2011-04-18,d_80,3,0,11112,0,0,0,0
2011-04-19,d_81,4,0,11112,0,0,0,0
2011-04-20,d_82,5,0,11112,0,0,0,0
2011-04-21,d_83,6,0,11112,0,0,0,0
2011-04-22,d_84,7,0,11112,0,0,0,0
2011-04-23,d_85,1,0,11113,0,0,0,1
2011-04-24,d_86,2,1,11113,0,0,0,1
2011-04-25,d_87,3,0,11113,0,0,0,0
2011-04-26,d_88,4,1,11113,0,0,0,0
2011-04-27,d_89,5,0,11113,0,0,0,0
2011-04-28,d_90,6,0,11113,0,0,0,0
2011-04-29,d_91,7,0,11113,0,0,0,0
2011-04-30,d_92,1,0,11114,0,0,0,1
2011-05-01,d_93,2,0,11114,1,1,0,1
2011-05-02,d_94,3,0,11114,1,0,1,0
2011-05-03,d_95,4,0,11114,1,1,1,0
2011-05-04,d_96,5,0,11114,1,0,0,0
2011-05-05,d_97,6,1,11114,1,1,1,0
2011-05-06,d_98,7,0,11114,1,1,1,0
2011-05-07,d_99,1,0,11115,1,1,0,1
2011-05-08,d_100,2,1,11115,1,0,1,1
2011-05-09,d_101,3,0,11115,1,1,1,0
2011-05-10,d_102,4,0,11115,1,0,0,0
2011-05-11,d_103,5,0,11115,0,1,1,0
2011-05-12,d_104,6,0,11115,0,1,1,0
2011-05-13,d_105,7,0,11115,0,1,0,0
2011-05-14,d_106,1,0,11116,0,0,1,1
2011-05-15,d_107,2,0,11116,0,1,1,1
2011-05-16,d_108,3,0,11116,0,0,0,0
2011-05-17,d_109,4,0,11116,0,0,0,0
2011-05-18,d_110,5,0,11116,0,0,0,0
2011-05-19,d_111,6,0,11116,0,0,0,0
2011-05-20,d_112,7,0,11116,0,0,0,0
2011-05-21,d_113,1,0,11117,0,0,0,1
2011-05-22,d_114,2,0,11117,0,0,0,1
2011-05-23,d_115,3,0,11117,0,0,0,0
2011-05-24,d_116,4,0,11117,0,0,0,0
2011-05-25,d_117,5,0,11117,0,0,0,0
2011-05-26,d_118,6,0,11117,0,0,0,0
2011-05-27,d_119,7,0,11117,0,0,0,0
2011-05-28,d_120,1,0,11118,0,0,0,1
2011-05-29,d_121,2,0,11118,0,0,0,1
2011-05-30,d_122,3,1,11118,0,0,0,0
2011-05-31,d_123,4,1,11118,0,0,0,0
2011-06-01,d_124,5,0,11118,1,1,0,0
2011-06-02,d_125,6,0,11118,1,0,1,0
2011-06-03,d_126,7,0,11118,1,1,1,0
2011-06-04,d_127,1,0,11119,1,0,0,1
2011-06-05,d_128,2,0,11119,1,1,1,1
2011-06-06,d_129,3,0,11119,1,1,1,0
2011-06-07,d_130,4,0,11119,1,1,0,0
2011-06-08,d_131,5,0,11119,1,0,1,0
2011-06-09,d_132,6,0,11119,1,1,1,0
2011-06-10,d_133,7,0,11119,1,0,0,0
2011-06-11,d_134,1,0,11120,0,1,1,1
2011-06-12,d_135,2,1,11120,0,1,1,1
2011-06-13,d_136,3,0,11120,0,1,0,0
2011-06-14,d_137,4,0,11120,0,0,1,0
2011-06-15,d_138,5,0,11120,0,1,1,0
2011-06-16,d_139,6,0,11120,0,0,0,0
2011-06-17,d_140,7,0,11120,0,0,0,0
2011-06-18,d_141,1,0,11121,0,0,0,1
2011-06-19,d_142,2,1,11121,0,0,0,1
2011-06-20,d_143,3,0,11121,0,0,0,0
2011-06-21,d_144,4,0,11121,0,0,0,0
2011-06-22,d_145,5,0,11121,0,0,0,0
2011-06-23,d_146,6,0,11121,0,0,0,0
2011-06-24,d_147,7,0,11121,0,0,0,0
2011-06-25,d_148,1,0,11122,0,0,0,1
2011-06-26,d_149,2,0,11122,0,0,0,1
2011-06-27,d_150,3,0,11122,0,0,0,0
2011-06-28,d_151,4,0,11122,0,0,0,0
2011-06-29,d_152,5,0,11122,0,0,0,0
2011-06-30,d_153,6,0,11122,0,0,0,0
2011-07-01,d_154,7,0,11122,1,1,0,0
2011-07-02,d_155,1,0,11123,1,0,1,1
2011-07-03,d_156,2,0,11123,1,1,1,1
2011-07-04,d_157,3,1,11123,1,0,0,0
2011-07-05,d_158,4,0,11123,1,1,1,0
2011-07-06,d_159,5,0,11123,1,1,1,0
2011-07-07,d_160,6,0,11123,1,1,0,0
2011-07-08,d_161,7,0,11123,1,0,1,0
2011-07-09,d_162,1,0,11124,1,1,1,1
2011-07-10,d_163,2,0,11124,1,0,0,1
2011-07-11,d_164,3,0,11124,0,1,1,0
2011-07-12,d_165,4,0,11124,0,1,1,0
2011-07-13,d_166,5,0,11124,0,1,0,0
2011-07-14,d_167,6,0,11124,0,0,1,0
2011-07-15,d_168,7,0,11124,0,1,1,0
2011-07-16,d_169,1,0,11125,0,0,0,1
2011-07-17,d_170,2,0,11125,0,0,0,1
2011-07-18,d_171,3,0,11125,0,0,0,0
2011-07-19,d_172,4,0,11125,0,0,0,0
2011-07-20,d_173,5,0,11125,0,0,0,0
2011-07-21,d_174,6,0,11125,0,0,0,0
2011-07-22,d_175,7,0,11125,0,0,0,0
2011-07-23,d_176,1,0,11126,0,0,0,1
2011-07-24,d_177,2,0,11126,0,0,0,1
2011-07-25,d_178,3,0,11126,0,0,0,0
2011-07-26,d_179,4,0,11126,0,0,0,0
2011-07-27,d_180,5,0,11126,0,0,0,0
2011-07-28,d_181,6,0,11126,0,0,0,0
2011-07-29,d_182,7,0,11126,0,0,0,0
2011-07-30,d_183,1,0,11127,0,0,0,1
2011-07-31,d_184,2,0,11127,0,0,0,1
2011-08-01,d_185,3,1,11127,1,1,0,0
2011-08-02,d_186,4,0,11127,1,0,1,0
2011-08-03,d_187,5,0,11127,1,1,1,0
2011-08-04,d_188,6,0,11127,1,0,0,0
2011-08-05,d_189,7,0,11127,1,1,1,0
2011-08-06,d_190,1,0,11128,1,1,1,1
2011-08-07,d_191,2,0,11128,1,1,0,1
2011-08-08,d_192,3,0,11128,1,0,1,0
2011-08-09,d_193,4,0,11128,1,1,1,0
2011-08-10,d_194,5,0,11128,1,0,0,0
2011-08-11,d_195,6,0,11128,0,1,1,0
2011-08-12,d_196,7,0,11128,0,1,1,0
2011-08-13,d_197,1,0,11129,0,1,0,1
2011-08-14,d_198,2,0,11129,0,0,1,1
2011-08-15,d_199,3,0,11129,0,1,1,0
2011-08-16,d_200,4,0,11129,0,0,0,0
2011-08-17,d_201,5,0,11129,0,0,0,0
2011-08-18,d_202,6,0,11129,0,0,0,0
2011-08-19,d_203,7,0,11129,0,0,0,0
2011-08-20,d_204,1,0,11130,0,0,0,1
2011-08-21,d_205,2,0,11130,0,0,0,1
2011-08-22,d_206,3,0,11130,0,0,0,0
2011-08-23,d_207,4,0,11130,0,0,0,0
2011-08-24,d_208,5,0,11130,0,0,0,0
2011-08-25,d_209,6,0,11130,0,0,0,0
2011-08-26,d_210,7,0,11130,0,0,0,0
2011-08-27,d_211,1,0,11131,0,0,0,1
2011-08-28,d_212,2,0,11131,0,0,0,1
2011-08-29,d_213,3,0,11131,0,0,0,0
2011-08-30,d_214,4,0,11131,0,0,0,0
2011-08-31,d_215,5,1,11131,0,0,0,0
2011-09-01,d_216,6,0,11131,1,1,0,0
2011-09-02,d_217,7,0,11131,1,0,1,0
2011-09-03,d_218,1,0,11132,1,1,1,1
2011-09-04,d_219,2,0,11132,1,0,0,1
2011-09-05,d_220,3,1,11132,1,1,1,0
2011-09-06,d_221,4,0,11132,1,1,1,0
2011-09-07,d_222,5,0,11132,1,1,0,0
2011-09-08,d_223,6,0,11132,1,0,1,0
2011-09-09,d_224,7,0,11132,1,1,1,0
2011-09-10,d_225,1,0,11133,1,0,0,1
2011-09-11,d_226,2,0,11133,0,1,1,1
2011-09-12,d_227,3,0,11133,0,1,1,0
2011-09-13,d_228,4,0,11133,0,1,0,0
2011-09-14,d_229,5,0,11133,0,0,1,0
2011-09-15,d_230,6,0,11133,0,1,1,0
2011-09-16,d_231,7,0,11133,0,0,0,0
2011-09-17,d_232,1,0,11134,0,0,0,1
2011-09-18,d_233,2,0,11134,0,0,0,1
2011-09-19,d_234,3,0,11134,0,0,0,0
2011-09-20,d_235,4,0,11134,0,0,0,0
2011-09-21,d_236,5,0,11134,0,0,0,0
2011-09-22,d_237,6,0,11134,0,0,0,0
2011-09-23,d_238,7,0,11134,0,0,0,0
2011-09-24,d_239,1,0,11135,0,0,0,1
2011-09-25,d_240,2,0,11135,0,0,0,1
2011-09-26,d_241,3,0,11135,0,0,0,0
2011-09-27,d_242,4,0,11135,0,0,0,0
2011-09-28,d_243,5,0,11135,0,0,0,0
2011-09-29,d_244,6,0,11135,0,0,0,0
2011-09-30,d_245,7,0,11135,0,0,0,0
2011-10-01,d_246,1,0,11136,1,1,0,1
2011-10-02,d_247,2,0,11136,1,0,1,1
2011-10-03,d_248,3,0,11136,1,1,1,0
2011-10-04,d_249,4,0,11136,1,0,0,0
2011-10-05,d_250,5,0,11136,1,1,1,0
2011-10-06,d_251,6,0,11136,1,1,1,0
2011-10-07,d_252,7,0,11136,1,1,0,0
2011-10-08,d_253,1,0,11137,1,0,1,1
2011-10-09,d_254,2,0,11137,1,1,1,1
2011-10-10,d_255,3,1,11137,1,0,0,0
2011-10-11,d_256,4,0,11137,0,1,1,0
2011-10-12,d_257,5,0,11137,0,1,1,0
2011-10-13,d_258,6,0,11137,0,1,0,0
2011-10-14,d_259,7,0,11137,0,0,1,0
2011-10-15,d_260,1,0,11138,0,1,1,1
2011-10-16,d_261,2,0,11138,0,0,0,1
2011-10-17,d_262,3,0,11138,0,0,0,0
2011-10-18,d_263,4,0,11138,0,0,0,0
2011-10-19,d_264,5,0,11138,0,0,0,0
2011-10-20,d_265,6,0,11138,0,0,0,0
2011-10-21,d_266,7,0,11138,0,0,0,0
2011-10-22,d_267,1,0,11139,0,0,0,1
2011-10-23,d_268,2,0,11139,0,0,0,1
2011-10-24,d_269,3,0,11139,0,0,0,0
2011-10-25,d_270,4,0,11139,0,0,0,0
2011-10-26,d_271,5,0,11139,0,0,0,0
2011-10-27,d_272,6,0,11139,0,0,0,0
2011-10-28,d_273,7,0,11139,0,0,0,0
2011-10-29,d_274,1,0,11140,0,0,0,1
2011-10-30,d_275,2,0,11140,0,0,0,1
2011-10-31,d_276,3,1,11140,0,0,0,0
2011-11-01,d_277,4,0,11140,1,1,0,0
2011-11-02,d_278,5,0,11140,1,0,1,0
2011-11-03,d_279,6,0,11140,1,1,1,0
2011-11-04,d_280,7,0,11140,1,0,0,0
2011-11-05,d_281,1,0,11141,1,1,1,1
2011-11-06,d_282,2,0,11141,1,1,1,1
2011-11-07,d_283,3,1,11141,1,1,0,0
2011-11-08,d_284,4,0,11141,1,0,1,0
2011-11-09,d_285,5,0,11141,1,1,1,0
2011-11-10,d_286,6,0,11141,1,0,0,0
2011-11-11,d_287,7,1,11141,0,1,1,0
2011-11-12,d_288,1,0,11142,0,1,1,1
2011-11-13,d_289,2,0,11142,0,1,0,1
2011-11-14,d_290,3,0,11142,0,0,1,0
2011-11-15,d_291,4,0,11142,0,1,1,0
2011-11-16,d_292,5,0,11142,0,0,0,0
2011-11-17,d_293,6,0,11142,0,0,0,0
2011-11-18,d_294,7,0,11142,0,0,0,0
2011-11-19,d_295,1,0,11143,0,0,0,1
2011-11-20,d_296,2,0,11143,0,0,0,1
2011-11-21,d_297,3,0,11143,0,0,0,0
2011-11-22,d_298,4,0,11143,0,0,0,0
2011-11-23,d_299,5,0,11143,0,0,0,0
2011-11-24,d_300,6,1,11143,0,0,0,0
2011-11-25,d_301,7,0,11143,0,0,0,0
2011-11-26,d_302,1,0,11144,0,0,0,1
2011-11-27,d_303,2,0,11144,0,0,0,1
2011-11-28,d_304,3,0,11144,0,0,0,0
2011-11-29,d_305,4,0,11144,0,0,0,0
2011-11-30,d_306,5,0,11144,0,0,0,0
2011-12-01,d_307,6,0,11144,1,1,0,0
2011-12-02,d_308,7,0,11144,1,0,1,0
2011-12-03,d_309,1,0,11145,1,1,1,1
2011-12-04,d_310,2,0,11145,1,0,0,1
2011-12-05,d_311,3,0,11145,1,1,1,0
2011-12-06,d_312,4,0,11145,1,1,1,0
2011-12-07,d_313,5,0,11145,1,1,0,0
2011-12-08,d_314,6,0,11145,1,0,1,0
2011-12-09,d_315,7,0,11145,1,1,1,0
2011-12-10,d_316,1,0,11146,1,0,0,1
2011-12-11,d_317,2,0,11146,0,1,1,1
2011-12-12,d_318,3,0,11146,0,1,1,0
2011-12-13,d_319,4,0,11146,0,1,0,0
2011-12-14,d_320,5,0,11146,0,0,1,0
2011-12-15,d_321,6,0,11146,0,1,1,0
2011-12-16,d_322,7,0,11146,0,0,0,0
2011-12-17,d_323,1,0,11147,0,0,0,1
2011-12-18,d_324,2,0,11147,0,0,0,1
2011-12-19,d_325,3,0,11147,0,0,0,0
2011-12-20,d_326,4,0,11147,0,0,0,0
2011-12-21,d_327,5,0,11147,0,0,0,0
2011-12-22,d_328,6,0,11147,0,0,0,0
2011-12-23,d_329,7,0,11147,0,0,0,0
2011-12-24,d_330,1,0,11148,0,0,0,1
2011-12-25,d_331,2,1,11148,0,0,0,1
2011-12-26,d_332,3,0,11148,0,0,0,0
2011-12-27,d_333,4,0,11148,0,0,0,0
2011-12-28,d_334,5,1,11148,0,0,0,0
2011-12-29,d_335,6,0,11148,0,0,0,0
2011-12-30,d_336,7,0,11148,0,0,0,0
2011-12-31,d_337,1,0,11149,0,0,0,1
2012-01-01,d_338,2,1,11149,1,1,0,1
2012-01-02,d_339,3,0,11149,1,0,1,0
2012-01-03,d_340,4,0,11149,1,1,1,0
2012-01-04,d_341,5,0,11149,1,0,0,0
2012-01-05,d_342,6,0,11149,1,1,1,0
2012-01-06,d_343,7,0,11149,1,1,1,0
2012-01-07,d_344,1,1,11150,1,1,0,1
2012-01-08,d_345,2,0,11150,1,0,1,1
2012-01-09,d_346,3,0,11150,1,1,1,0
2012-01-10,d_347,4,0,11150,1,0,0,0
2012-01-11,d_348,5,0,11150,0,1,1,0
2012-01-12,d_349,6,0,11150,0,1,1,0
2012-01-13,d_350,7,0,11150,0,1,0,0
2012-01-14,d_351,1,0,11151,0,0,1,1
2012-01-15,d_352,2,0,11151,0,1,1,1
2012-01-16,d_353,3,1,11151,0,0,0,0
2012-01-17,d_354,4,0,11151,0,0,0,0
2012-01-18,d_355,5,0,11151,0,0,0,0
2012-01-19,d_356,6,0,11151,0,0,0,0
2012-01-20,d_357,7,0,11151,0,0,0,0
2012-01-21,d_358,1,0,11152,0,0,0,1
2012-01-22,d_359,2,0,11152,0,0,0,1
2012-01-23,d_360,3,0,11152,0,0,0,0
2012-01-24,d_361,4,0,11152,0,0,0,0
2012-01-25,d_362,5,0,11152,0,0,0,0
2012-01-26,d_363,6,0,11152,0,0,0,0
2012-01-27,d_364,7,0,11152,0,0,0,0
2012-01-28,d_365,1,0,11201,0,0,0,1
2012-01-29,d_366,2,0,11201,0,0,0,1
2012-01-30,d_367,3,0,11201,0,0,0,0
2012-01-31,d_368,4,0,11201,0,0,0,0
2012-02-01,d_369,5,0,11201,1,1,0,0
2012-02-02,d_370,6,0,11201,1,0,1,0
2012-02-03,d_371,7,0,11201,1,1,1,0
2012-02-04,d_372,1,0,11202,1,0,0,1
2012-02-05,d_373,2,1,11202,1,1,1,1
2012-02-06,d_374,3,0,11202,1,1,1,0
2012-02-07,d_375,4,0,11202,1,1,0,0
2012-02-08,d_376,5,0,11202,1,0,1,0
2012-02-09,d_377,6,0,11202,1,1,1,0
2012-02-10,d_378,7,0,11202,1,0,0,0
2012-02-11,d_379,1,0,11203,0,1,1,1
2012-02-12,d_380,2,0,11203,0,1,1,1
2012-02-13,d_381,3,0,11203,0,1,0,0
2012-02-14,d_382,4,1,11203,0,0,1,0
2012-02-15,d_383,5,0,11203,0,1,1,0
2012-02-16,d_384,6,0,11203,0,0,0,0
2012-02-17,d_385,7,0,11203,0,0,0,0
2012-02-18,d_386,1,0,11204,0,0,0,1
2012-02-19,d_387,2,0,11204,0,0,0,1
2012-02-20,d_388,3,1,11204,0,0,0,0
2012-02-21,d_389,4,0,11204,0,0,0,0
2012-02-22,d_390,5,1,11204,0,0,0,0
2012-02-23,d_391,6,0,11204,0,0,0,0
2012-02-24,d_392,7,0,11204,0,0,0,0
2012-02-25,d_393,1,0,11205,0,0,0,1
2012-02-26,d_394,2,0,11205,0,0,0,1
2012-02-27,d_395,3,0,11205,0,0,0,0
2012-02-28,d_396,4,0,11205,0,0,0,0
2012-02-29,d_397,5,1,11205,0,0,0,0
2012-03-01,d_398,6,0,11205,1,1,0,0
2012-03-02,d_399,7,0,11205,1,0,1,0
2012-03-03,d_400,1,0,11206,1,1,1,1
2012-03-04,d_401,2,0,11206,1,0,0,1
2012-03-05,d_402,3,0,11206,1,1,1,0
2012-03-06,d_403,4,0,11206,1,1,1,0
2012-03-07,d_404,5,0,11206,1,1,0,0
2012-03-08,d_405,6,1,11206,1,0,1,0
2012-03-09,d_406,7,0,11206,1,1,1,0
2012-03-10,d_407,1,0,11207,1,0,0,1
2012-03-11,d_408,2,0,11207,0,1,1,1
2012-03-12,d_409,3,0,11207,0,1,1,0
2012-03-13,d_410,4,0,11207,0,1,0,0
2012-03-14,d_411,5,0,11207,0,0,1,0
2012-03-15,d_412,6,0,11207,0,1,1,0
2012-03-16,d_413,7,0,11207,0,0,0,0
2012-03-17,d_414,1,1,11208,0,0,0,1
2012-03-18,d_415,2,0,11208,0,0,0,1
2012-03-19,d_416,3,0,11208,0,0,0,0
2012-03-20,d_417,4,0,11208,0,0,0,0
2012-03-21,d_418,5,0,11208,0,0,0,0
2012-03-22,d_419,6,0,11208,0,0,0,0
2012-03-23,d_420,7,0,11208,0,0,0,0
2012-03-24,d_421,1,0,11209,0,0,0,1
2012-03-25,d_422,2,0,11209,0,0,0,1
2012-03-26,d_423,3,0,11209,0,0,0,0
2012-03-27,d_424,4,0,11209,0,0,0,0
2012-03-28,d_425,5,0,11209,0,0,0,0
2012-03-29,d_426,6,0,11209,0,0,0,0
2012-03-30,d_427,7,0,11209,0,0,0,0
2012-03-31,d_428,1,0,11210,0,0,0,1
2012-04-01,d_429,2,0,11210,1,1,0,1
2012-04-02,d_430,3,0,11210,1,0,1,0
2012-04-03,d_431,4,0,11210,1,1,1,0
2012-04-04,d_432,5,0,11210,1,0,0,0
2012-04-05,d_433,6,0,11210,1,1,1,0
2012-04-06,d_434,7,0,11210,1,1,1,0
2012-04-07,d_435,1,0,11211,1,1,0,1
2012-04-08,d_436,2,1,11211,1,0,1,1
2012-04-09,d_437,3,0,11211,1,1,1,0
2012-04-10,d_438,4,0,11211,1,0,0,0
2012-04-11,d_439,5,0,11211,0,1,1,0
2012-04-12,d_440,6,0,11211,0,1,1,0
2012-04-13,d_441,7,0,11211,0,1,0,0
2012-04-14,d_442,1,1,11212,0,0,1,1
2012-04-15,d_443,2,1,11212,0,1,1,1
2012-04-16,d_444,3,0,11212,0,0,0,0
2012-04-17,d_445,4,0,11212,0,0,0,0
2012-04-18,d_446,5,0,11212,0,0,0,0
2012-04-19,d_447,6,0,11212,0,0,0,0
2012-04-20,d_448,7,0,11212,0,0,0,0
2012-04-21,d_449,1,0,11213,0,0,0,1
2012-04-22,d_450,2,0,11213,0,0,0,1
2012-04-23,d_451,3,0,11213,0,0,0,0
2012-04-24,d_452,4,0,11213,0,0,0,0
2012-04-25,d_453,5,0,11213,0,0,0,0
2012-04-26,d_454,6,0,11213,0,0,0,0
2012-04-27,d_455,7,0,11213,0,0,0,0
2012-04-28,d_456,1,0,11214,0,0,0,1
2012-04-29,d_457,2,0,11214,0,0,0,1
2012-04-30,d_458,3,0,11214,0,0,0,0
2012-05-01,d_459,4,0,11214,1,1,0,0
2012-05-02,d_460,5,0,11214,1,0,1,0
2012-05-03,d_461,6,0,11214,1,1,1,0
2012-05-04,d_462,7,0,11214,1,0,0,0
2012-05-05,d_463,1,1,11215,1,1,1,1
2012-05-06,d_464,2,0,11215,1,1,1,1
2012-05-07,d_465,3,0,11215,1,1,0,0
2012-05-08,d_466,4,0,11215,1,0,1,0
2012-05-09,d_467,5,0,11215,1,1,1,0
2012-05-10,d_468,6,0,11215,1,0,0,0
2012-05-11,d_469,7,0,11215,0,1,1,0
2012-05-12,d_470,1,0,11216,0,1,1,1
2012-05-13,d_471,2,1,11216,0,1,0,1
2012-05-14,d_472,3,0,11216,0,0,1,0
2012-05-15,d_473,4,0,11216,0,1,1,0
2012-05-16,d_474,5,0,11216,0,0,0,0
2012-05-17,d_475,6,0,11216,0,0,0,0
2012-05-18,d_476,7,0,11216,0,0,0,0
2012-05-19,d_477,1,0,11217,0,0,0,1
2012-05-20,d_478,2,0,11217,0,0,0,1
2012-05-21,d_479,3,0,11217,0,0,0,0
2012-05-22,d_480,4,0,11217,0,0,0,0
2012-05-23,d_481,5,0,11217,0,0,0,0
2012-05-24,d_482,6,0,11217,0,0,0,0
2012-05-25,d_483,7,0,11217,0,0,0,0
2012-05-26,d_484,1,0,11218,0,0,0,1
2012-05-27,d_485,2,0,11218,0,0,0,1
2012-05-28,d_486,3,1,11218,0,0,0,0
2012-05-29,d_487,4,0,11218,0,0,0,0
2012-05-30,d_488,5,0,11218,0,0,0,0
2012-05-31,d_489,6,0,11218,0,0,0,0
2012-06-01,d_490,7,0,11218,1,1,0,0
2012-06-02,d_491,1,0,11219,1,0,1,1
2012-06-03,d_492,2,0,11219,1,1,1,1
2012-06-04,d_493,3,0,11219,1,0,0,0
2012-06-05,d_494,4,0,11219,1,1,1,0
2012-06-06,d_495,5,0,11219,1,1,1,0
2012-06-07,d_496,6,0,11219,1,1,0,0
2012-06-08,d_497,7,0,11219,1,0,1,0
2012-06-09,d_498,1,0,11220,1,1,1,1
2012-06-10,d_499,2,0,11220,1,0,0,1
2012-06-11,d_500,3,0,11220,0,1,1,0
2012-06-12,d_501,4,1,11220,0,1,1,0
2012-06-13,d_502,5,0,11220,0,1,0,0
2012-06-14,d_503,6,0,11220,0,0,1,0
2012-06-15,d_504,7,0,11220,0,1,1,0
2012-06-16,d_505,1,0,11221,0,0,0,1
2012-06-17,d_506,2,1,11221,0,0,0,1
2012-06-18,d_507,3,0,11221,0,0,0,0
2012-06-19,d_508,4,0,11221,0,0,0,0
2012-06-20,d_509,5,0,11221,0,0,0,0
2012-06-21,d_510,6,1,11221,0,0,0,0
2012-06-22,d_511,7,0,11221,0,0,0,0
2012-06-23,d_512,1,0,11222,0,0,0,1
2012-06-24,d_513,2,0,11222,0,0,0,1
2012-06-25,d_514,3,0,11222,0,0,0,0
2012-06-26,d_515,4,0,11222,0,0,0,0
2012-06-27,d_516,5,0,11222,0,0,0,0
2012-06-28,d_517,6,0,11222,0,0,0,0
2012-06-29,d_518,7,0,11222,0,0,0,0
2012-06-30,d_519,1,0,11223,0,0,0,1
2012-07-01,d_520,2,0,11223,1,1,0,1
2012-07-02,d_521,3,0,11223,1,0,1,0
2012-07-03,d_522,4,0,11223,1,1,1,0
2012-07-04,d_523,5,1,11223,1,0,0,0
2012-07-05,d_524,6,0,11223,1,1,1,0
2012-07-06,d_525,7,0,11223,1,1,1,0
2012-07-07,d_526,1,0,11224,1,1,0,1
2012-07-08,d_527,2,0,11224,1,0,1,1
2012-07-09,d_528,3,0,11224,1,1,1,0
2012-07-10,d_529,4,0,11224,1,0,0,0
2012-07-11,d_530,5,0,11224,0,1,1,0
2012-07-12,d_531,6,0,11224,0,1,1,0
2012-07-13,d_532,7,0,11224,0,1,0,0
2012-07-14,d_533,1,0,11225,0,0,1,1
2012-07-15,d_534,2,0,11225,0,1,1,1
2012-07-16,d_535,3,0,11225,0,0,0,0
2012-07-17,d_536,4,0,11225,0,0,0,0
2012-07-18,d_537,5,0,11225,0,0,0,0
2012-07-19,d_538,6,0,11225,0,0,0,0
2012-07-20,d_539,7,1,11225,0,0,0,0
2012-07-21,d_540,1,0,11226,0,0,0,1
2012-07-22,d_541,2,0,11226,0,0,0,1
2012-07-23,d_542,3,0,11226,0,0,0,0
2012-07-24,d_543,4,0,11226,0,0,0,0
2012-07-25,d_544,5,0,11226,0,0,0,0
2012-07-26,d_545,6,0,11226,0,0,0,0
2012-07-27,d_546,7,0,11226,0,0,0,0
2012-07-28,d_547,1,0,11227,0,0,0,1
2012-07-29,d_548,2,0,11227,0,0,0,1
2012-07-30,d_549,3,0,11227,0,0,0,0
2012-07-31,d_550,4,0,11227,0,0,0,0
2012-08-01,d_551,5,0,11227,1,1,0,0
2012-08-02,d_552,6,0,11227,1,0,1,0
2012-08-03,d_553,7,0,11227,1,1,1,0
2012-08-04,d_554,1,0,11228,1,0,0,1
2012-08-05,d_555,2,0,11228,1,1,1,1
2012-08-06,d_556,3,0,11228,1,1,1,0
2012-08-07,d_557,4,0,11228,1,1,0,0
2012-08-08,d_558,5,0,11228,1,0,1,0
2012-08-09,d_559,6,0,11228,1,1,1,0
2012-08-10,d_560,7,0,11228,1,0,0,0
2012-08-11,d_561,1,0,11229,0,1,1,1
2012-08-12,d_562,2,0,11229,0,1,1,1
2012-08-13,d_563,3,0,11229,0,1,0,0
2012-08-14,d_564,4,0,11229,0,0,1,0
2012-08-15,d_565,5,0,11229,0,1,1,0
2012-08-16,d_566,6,0,11229,0,0,0,0
2012-08-17,d_567,7,0,11229,0,0,0,0
2012-08-18,d_568,1,0,11230,0,0,0,1
2012-08-19,d_569,2,1,11230,0,0,0,1
2012-08-20,d_570,3,0,11230,0,0,0,0
2012-08-21,d_571,4,0,11230,0,0,0,0
2012-08-22,d_572,5,0,11230,0,0,0,0
2012-08-23,d_573,6,0,11230,0,0,0,0
2012-08-24,d_574,7,0,11230,0,0,0,0
2012-08-25,d_575,1,0,11231,0,0,0,1
2012-08-26,d_576,2,0,11231,0,0,0,1
2012-08-27,d_577,3,0,11231,0,0,0,0
2012-08-28,d_578,4,0,11231,0,0,0,0
2012-08-29,d_579,5,0,11231,0,0,0,0
2012-08-30,d_580,6,0,11231,0,0,0,0
2012-08-31,d_581,7,0,11231,0,0,0,0
2012-09-01,d_582,1,0,11232,1,1,0,1
2012-09-02,d_583,2,0,11232,1,0,1,1
2012-09-03,d_584,3,1,11232,1,1,1,0
2012-09-04,d_585,4,0,11232,1,0,0,0
2012-09-05,d_586,5,0,11232,1,1,1,0
2012-09-06,d_587,6,0,11232,1,1,1,0
2012-09-07,d_588,7,0,11232,1,1,0,0
2012-09-08,d_589,1,0,11233,1,0,1,1
2012-09-09,d_590,2,0,11233,1,1,1,1
2012-09-10,d_591,3,0,11233,1,0,0,0
2012-09-11,d_592,4,0,11233,0,1,1,0
2012-09-12,d_593,5,0,11233,0,1,1,0
2012-09-13,d_594,6,0,11233,0,1,0,0
2012-09-14,d_595,7,0,11233,0,0,1,0
2012-09-15,d_596,1,0,11234,0,1,1,1
2012-09-16,d_597,2,0,11234,0,0,0,1
2012-09-17,d_598,3,0,11234,0,0,0,0
2012-09-18,d_599,4,0,11234,0,0,0,0
2012-09-19,d_600,5,0,11234,0,0,0,0
2012-09-20,d_601,6,0,11234,0,0,0,0
2012-09-21,d_602,7,0,11234,0,0,0,0
2012-09-22,d_603,1,0,11235,0,0,0,1
2012-09-23,d_604,2,0,11235,0,0,0,1
2012-09-24,d_605,3,0,11235,0,0,0,0
2012-09-25,d_606,4,0,11235,0,0,0,0
2012-09-26,d_607,5,0,11235,0,0,0,0
2012-09-27,d_608,6,0,11235,0,0,0,0
2012-09-28,d_609,7,0,11235,0,0,0,0
2012-09-29,d_610,1,0,11236,0,0,0,1
2012-09-30,d_611,2,0,11236,0,0,0,1
2012-10-01,d_612,3,0,11236,1,1,0,0
2012-10-02,d_613,4,0,11236,1,0,1,0
2012-10-03,d_614,5,0,11236,1,1,1,0
2012-10-04,d_615,6,0,11236,1,0,0,0
2012-10-05,d_616,7,0,11236,1,1,1,0
2012-10-06,d_617,1,0,11237,1,1,1,1
2012-10-07,d_618,2,0,11237,1,1,0,1
2012-10-08,d_619,3,1,11237,1,0,1,0
2012-10-09,d_620,4,0,11237,1,1,1,0
2012-10-10,d_621,5,0,11237,1,0,0,0
2012-10-11,d_622,6,0,11237,0,1,1,0
2012-10-12,d_623,7,0,11237,0,1,1,0
2012-10-13,d_624,1,0,11238,0,1,0,1
2012-10-14,d_625,2,0,11238,0,0,1,1
2012-10-15,d_626,3,0,11238,0,1,1,0
2012-10-16,d_627,4,0,11238,0,0,0,0
2012-10-17,d_628,5,0,11238,0,0,0,0
2012-10-18,d_629,6,0,11238,0,0,0,0
2012-10-19,d_630,7,0,11238,0,0,0,0
2012-10-20,d_631,1,0,11239,0,0,0,1
2012-10-21,d_632,2,0,11239,0,0,0,1
2012-10-22,d_633,3,0,11239,0,0,0,0
2012-10-23,d_634,4,0,11239,0,0,0,0
2012-10-24,d_635,5,0,11239,0,0,0,0
2012-10-25,d_636,6,0,11239,0,0,0,0
2012-10-26,d_637,7,1,11239,0,0,0,0
2012-10-27,d_638,1,0,11240,0,0,0,1
2012-10-28,d_639,2,0,11240,0,0,0,1
2012-10-29,d_640,3,0,11240,0,0,0,0
2012-10-30,d_641,4,0,11240,0,0,0,0
2012-10-31,d_642,5,1,11240,0,0,0,0
2012-11-01,d_643,6,0,11240,1,1,0,0
2012-11-02,d_644,7,0,11240,1,0,1,0
2012-11-03,d_645,1,0,11241,1,1,1,1
2012-11-04,d_646,2,0,11241,1,0,0,1
2012-11-05,d_647,3,0,11241,1,1,1,0
2012-11-06,d_648,4,0,11241,1,1,1,0
2012-11-07,d_649,5,0,11241,1,1,0,0
2012-11-08,d_650,6,0,11241,1,0,1,0
2012-11-09,d_651,7,0,11241,1,1,1,0
2012-11-10,d_652,1,0,11242,1,0,0,1
2012-11-11,d_653,2,1,11242,0,1,1,1
2012-11-12,d_654,3,0,11242,0,1,1,0
2012-11-13,d_655,4,0,11242,0,1,0,0
2012-11-14,d_656,5,0,11242,0,0,1,0
2012-11-15,d_657,6,0,11242,0,1,1,0
2012-11-16,d_658,7,0,11242,0,0,0,0
2012-11-17,d_659,1,0,11243,0,0,0,1
2012-11-18,d_660,2,0,11243,0,0,0,1
2012-11-19,d_661,3,0,11243,0,0,0,0
2012-11-20,d_662,4,0,11243,0,0,0,0
2012-11-21,d_663,5,0,11243,0,0,0,0
2012-11-22,d_664,6,1,11243,0,0,0,0
2012-11-23,d_665,7,0,11243,0,0,0,0
2012-11-24,d_666,1,0,11244,0,0,0,1
2012-11-25,d_667,2,0,11244,0,0,0,1
2012-11-26,d_668,3,0,11244,0,0,0,0
2012-11-27,d_669,4,0,11244,0,0,0,0
2012-11-28,d_670,5,0,11244,0,0,0,0
2012-11-29,d_671,6,0,11244,0,0,0,0
2012-11-30,d_672,7,0,11244,0,0,0,0
2012-12-01,d_673,1,0,11245,1,1,0,1
2012-12-02,d_674,2,0,11245,1,0,1,1
2012-12-03,d_675,3,0,11245,1,1,1,0
2012-12-04,d_676,4,0,11245,1,0,0,0
2012-12-05,d_677,5,0,11245,1,1,1,0
2012-12-06,d_678,6,0,11245,1,1,1,0
2012-12-07,d_679,7,0,11245,1,1,0,0
2012-12-08,d_680,1,0,11246,1,0,1,1
2012-12-09,d_681,2,0,11246,1,1,1,1
2012-12-10,d_682,3,0,11246,1,0,0,0
2012-12-11,d_683,4,0,11246,0,1,1,0
2012-12-12,d_684,5,0,11246,0,1,1,0
2012-12-13,d_685,6,0,11246,0,1,0,0
2012-12-14,d_686,7,0,11246,0,0,1,0
2012-12-15,d_687,1,0,11247,0,1,1,1
2012-12-16,d_688,2,1,11247,0,0,0,1
2012-12-17,d_689,3,0,11247,0,0,0,0
2012-12-18,d_690,4,0,11247,0,0,0,0
2012-12-19,d_691,5,0,11247,0,0,0,0
2012-12-20,d_692,6,0,11247,0,0,0,0
2012-12-21,d_693,7,0,11247,0,0,0,0
2012-12-22,d_694,1,0,11248,0,0,0,1
2012-12-23,d_695,2,0,11248,0,0,0,1
2012-12-24,d_696,3,0,11248,0,0,0,0
2012-12-25,d_697,4,1,11248,0,0,0,0
2012-12-26,d_698,5,0,11248,0,0,0,0
2012-12-27,d_699,6,0,11248,0,0,0,0
2012-12-28,d_700,7,0,11248,0,0,0,0
2012-12-29,d_701,1,0,11249,0,0,0,1
2012-12-30,d_702,2,0,11249,0,0,0,1
2012-12-31,d_703,3,0,11249,0,0,0,0
2013-01-01,d_704,4,1,11249,1,1,0,0
2013-01-02,d_705,5,0,11249,1,0,1,0
2013-01-03,d_706,6,0,11249,1,1,1,0
2013-01-04,d_707,7,0,11249,1,0,0,0
2013-01-05,d_708,1,0,11250,1,1,1,1
2013-01-06,d_709,2,0,11250,1,1,1,1
2013-01-07,d_710,3,1,11250,1,1,0,0
2013-01-08,d_711,4,0,11250,1,0,1,0
2013-01-09,d_712,5,0,11250,1,1,1,0
2013-01-10,d_713,6,0,11250,1,0,0,0
2013-01-11,d_714,7,0,11250,0,1,1,0
2013-01-12,d_715,1,0,11251,0,1,1,1
2013-01-13,d_716,2,0,11251,0,1,0,1
2013-01-14,d_717,3,0,11251,0,0,1,0
2013-01-15,d_718,4,0,11251,0,1,1,0
2013-01-16,d_719,5,0,11251,0,0,0,0
2013-01-17,d_720,6,0,11251,0,0,0,0
2013-01-18,d_721,7,0,11251,0,0,0,0
2013-01-19,d_722,1,0,11252,0,0,0,1
2013-01-20,d_723,2,0,11252,0,0,0,1
2013-01-21,d_724,3,1,11252,0,0,0,0
2013-01-22,d_725,4,0,11252,0,0,0,0
2013-01-23,d_726,5,0,11252,0,0,0,0
2013-01-24,d_727,6,0,11252,0,0,0,0
2013-01-25,d_728,7,0,11252,0,0,0,0
2013-01-26,d_729,1,0,11301,0,0,0,1
2013-01-27,d_730,2,0,11301,0,0,0,1
2013-01-28,d_731,3,0,11301,0,0,0,0
2013-01-29,d_732,4,0,11301,0,0,0,0
2013-01-30,d_733,5,0,11301,0,0,0,0
2013-01-31,d_734,6,0,11301,0,0,0,0
2013-02-01,d_735,7,0,11301,1,1,0,0
2013-02-02,d_736,1,0,11302,1,0,1,1
2013-02-03,d_737,2,1,11302,1,1,1,1
2013-02-04,d_738,3,0,11302,1,0,0,0
2013-02-05,d_739,4,0,11302,1,1,1,0
2013-02-06,d_740,5,0,11302,1,1,1,0
2013-02-07,d_741,6,0,11302,1,1,0,0
2013-02-08,d_742,7,0,11302,1,0,1,0
2013-02-09,d_743,1,0,11303,1,1,1,1
2013-02-10,d_744,2,0,11303,1,0,0,1
2013-02-11,d_745,3,0,11303,0,1,1,0
2013-02-12,d_746,4,0,11303,0,1,1,0
2013-02-13,d_747,5,1,11303,0,1,0,0
2013-02-14,d_748,6,1,11303,0,0,1,0
2013-02-15,d_749,7,0,11303,0,1,1,0
2013-02-16,d_750,1,0,11304,0,0,0,1
2013-02-17,d_751,2,0,11304,0,0,0,1
2013-02-18,d_752,3,1,11304,0,0,0,0
2013-02-19,d_753,4,0,11304,0,0,0,0
2013-02-20,d_754,5,1,11304,0,0,0,0
2013-02-21,d_755,6,0,11304,0,0,0,0
2013-02-22,d_756,7,0,11304,0,0,0,0
2013-02-23,d_757,1,0,11305,0,0,0,1
2013-02-24,d_758,2,1,11305,0,0,0,1
2013-02-25,d_759,3,0,11305,0,0,0,0
2013-02-26,d_760,4,0,11305,0,0,0,0
2013-02-27,d_761,5,0,11305,0,0,0,0
2013-02-28,d_762,6,0,11305,0,0,0,0
2013-03-01,d_763,7,0,11305,1,1,0,0
2013-03-02,d_764,1,0,11306,1,0,1,1
2013-03-03,d_765,2,0,11306,1,1,1,1
2013-03-04,d_766,3,0,11306,1,0,0,0
2013-03-05,d_767,4,0,11306,1,1,1,0
2013-03-06,d_768,5,0,11306,1,1,1,0
2013-03-07,d_769,6,0,11306,1,1,0,0
2013-03-08,d_770,7,0,11306,1,0,1,0
2013-03-09,d_771,1,0,11307,1,1,1,1
2013-03-10,d_772,2,0,11307,1,0,0,1
2013-03-11,d_773,3,0,11307,0,1,1,0
2013-03-12,d_774,4,0,11307,0,1,1,0
2013-03-13,d_775,5,0,11307,0,1,0,0
2013-03-14,d_776,6,0,11307,0,0,1,0
2013-03-15,d_777,7,0,11307,0,1,1,0
2013-03-16,d_778,1,0,11308,0,0,0,1
2013-03-17,d_779,2,1,11308,0,0,0,1
2013-03-18,d_780,3,0,11308,0,0,0,0
2013-03-19,d_781,4,0,11308,0,0,0,0
2013-03-20,d_782,5,0,11308,0,0,0,0
2013-03-21,d_783,6,0,11308,0,0,0,0
2013-03-22,d_784,7,0,11308,0,0,0,0
2013-03-23,d_785,1,0,11309,0,0,0,1
2013-03-24,d_786,2,0,11309,0,0,0,1
2013-03-25,d_787,3,0,11309,0,0,0,0
2013-03-26,d_788,4,0,11309,0,0,0,0
2013-03-27,d_789,5,0,11309,0,0,0,0
2013-03-28,d_790,6,0,11309,0,0,0,0
2013-03-29,d_791,7,0,11309,0,0,0,0
2013-03-30,d_792,1,0,11310,0,0,0,1
2013-03-31,d_793,2,1,11310,0,0,0,1
2013-04-01,d_794,3,0,11310,1,1,0,0
2013-04-02,d_795,4,1,11310,1,0,1,0
2013-04-03,d_796,5,0,11310,1,1,1,0
2013-04-04,d_797,6,0,11310,1,0,0,0
2013-04-05,d_798,7,0,11310,1,1,1,0
2013-04-06,d_799,1,0,11311,1,1,1,1
2013-04-07,d_800,2,0,11311,1,1,0,1
2013-04-08,d_801,3,0,11311,1,0,1,0
2013-04-09,d_802,4,0,11311,1,1,1,0
2013-04-10,d_803,5,0,11311,1,0,0,0
2013-04-11,d_804,6,0,11311,0,1,1,0
2013-04-12,d_805,7,0,11311,0,1,1,0
2013-04-13,d_806,1,0,11312,0,1,0,1
2013-04-14,d_807,2,0,11312,0,0,1,1
2013-04-15,d_808,3,0,11312,0,1,1,0
2013-04-16,d_809,4,0,11312,0,0,0,0
2013-04-17,d_810,5,0,11312,0,0,0,0
2013-04-18,d_811,6,0,11312,0,0,0,0
2013-04-19,d_812,7,0,11312,0,0,0,0
2013-04-20,d_813,1,0,11313,0,0,0,1
2013-04-21,d_814,2,0,11313,0,0,0,1
2013-04-22,d_815,3,0,11313,0,0,0,0
2013-04-23,d_816,4,0,11313,0,0,0,0
2013-04-24,d_817,5,0,11313,0,0,0,0
2013-04-25,d_818,6,0,11313,0,0,0,0
2013-04-26,d_819,7,0,11313,0,0,0,0
2013-04-27,d_820,1,0,11314,0,0,0,1
2013-04-28,d_821,2,0,11314,0,0,0,1
2013-04-29,d_822,3,0,11314,0,0,0,0
2013-04-30,d_823,4,0,11314,0,0,0,0
2013-05-01,d_824,5,0,11314,1,1,0,0
2013-05-02,d_825,6,0,11314,1,0,1,0
2013-05-03,d_826,7,0,11314,1,1,1,0
2013-05-04,d_827,1,0,11315,1,0,0,1
2013-05-05,d_828,2,1,11315,1,1,1,1
2013-05-06,d_829,3,0,11315,1,1,1,0
2013-05-07,d_830,4,0,11315,1,1,0,0
2013-05-08,d_831,5,0,11315,1,0,1,0
2013-05-09,d_832,6,0,11315,1,1,1,0
2013-05-10,d_833,7,0,11315,1,0,0,0
2013-05-11,d_834,1,0,11316,0,1,1,1
2013-05-12,d_835,2,1,11316,0,1,1,1
2013-05-13,d_836,3,0,11316,0,1,0,0
2013-05-14,d_837,4,0,11316,0,0,1,0
2013-05-15,d_838,5,0,11316,0,1,1,0
2013-05-16,d_839,6,0,11316,0,0,0,0
2013-05-17,d_840,7,0,11316,0,0,0,0
2013-05-18,d_841,1,0,11317,0,0,0,1
2013-05-19,d_842,2,0,11317,0,0,0,1
2013-05-20,d_843,3,0,11317,0,0,0,0
2013-05-21,d_844,4,0,11317,0,0,0,0
2013-05-22,d_845,5,0,11317,0,0,0,0
2013-05-23,d_846,6,0,11317,0,0,0,0
2013-05-24,d_847,7,0,11317,0,0,0,0
2013-05-25,d_848,1,0,11318,0,0,0,1
2013-05-26,d_849,2,0,11318,0,0,0,1
2013-05-27,d_850,3,1,11318,0,0,0,0
2013-05-28,d_851,4,0,11318,0,0,0,0
2013-05-29,d_852,5,0,11318,0,0,0,0
2013-05-30,d_853,6,0,11318,0,0,0,0
2013-05-31,d_854,7,0,11318,0,0,0,0
2013-06-01,d_855,1,0,11319,1,1,0,1
2013-06-02,d_856,2,0,11319,1,0,1,1
2013-06-03,d_857,3,0,11319,1,1,1,0
2013-06-04,d_858,4,0,11319,1,0,0,0
2013-06-05,d_859,5,0,11319,1,1,1,0
2013-06-06,d_860,6,1,11319,1,1,1,0
2013-06-07,d_861,7,0,11319,1,1,0,0
2013-06-08,d_862,1,0,11320,1,0,1,1
2013-06-09,d_863,2,0,11320,1,1,1,1
2013-06-10,d_864,3,0,11320,1,0,0,0
2013-06-11,d_865,4,0,11320,0,1,1,0
2013-06-12,d_866,5,0,11320,0,1,1,0
2013-06-13,d_867,6,0,11320,0,1,0,0
2013-06-14,d_868,7,0,11320,0,0,1,0
2013-06-15,d_869,1,0,11321,0,1,1,1
2013-06-16,d_870,2,1,11321,0,0,0,1
2013-06-17,d_871,3,0,11321,0,0,0,0
2013-06-18,d_872,4,0,11321,0,0,0,0
2013-06-19,d_873,5,0,11321,0,0,0,0
2013-06-20,d_874,6,1,11321,0,0,0,0
2013-06-21,d_875,7,0,11321,0,0,0,0
2013-06-22,d_876,1,0,11322,0,0,0,1
2013-06-23,d_877,2,0,11322,0,0,0,1
2013-06-24,d_878,3,0,11322,0,0,0,0
2013-06-25,d_879,4,0,11322,0,0,0,0
2013-06-26,d_880,5,0,11322,0,0,0,0
2013-06-27,d_881,6,0,11322,0,0,0,0
2013-06-28,d_882,7,0,11322,0,0,0,0
2013-06-29,d_883,1,0,11323,0,0,0,1
2013-06-30,d_884,2,0,11323,0,0,0,1
2013-07-01,d_885,3,0,11323,1,1,0,0
2013-07-02,d_886,4,0,11323,1,0,1,0
2013-07-03,d_887,5,0,11323,1,1,1,0
2013-07-04,d_888,6,1,11323,1,0,0,0
2013-07-05,d_889,7,0,11323,1,1,1,0
2013-07-06,d_890,1,0,11324,1,1,1,1
2013-07-07,d_891,2,0,11324,1,1,0,1
2013-07-08,d_892,3,0,11324,1,0,1,0
2013-07-09,d_893,4,1,11324,1,1,1,0
2013-07-10,d_894,5,0,11324,1,0,0,0
2013-07-11,d_895,6,0,11324,0,1,1,0
2013-07-12,d_896,7,0,11324,0,1,1,0
2013-07-13,d_897,1,0,11325,0,1,0,1
2013-07-14,d_898,2,0,11325,0,0,1,1
2013-07-15,d_899,3,0,11325,0,1,1,0
2013-07-16,d_900,4,0,11325,0,0,0,0
2013-07-17,d_901,5,0,11325,0,0,0,0
2013-07-18,d_902,6,0,11325,0,0,0,0
2013-07-19,d_903,7,0,11325,0,0,0,0
2013-07-20,d_904,1,0,11326,0,0,0,1
2013-07-21,d_905,2,0,11326,0,0,0,1
2013-07-22,d_906,3,0,11326,0,0,0,0
2013-07-23,d_907,4,0,11326,0,0,0,0
2013-07-24,d_908,5,0,11326,0,0,0,0
2013-07-25,d_909,6,0,11326,0,0,0,0
2013-07-26,d_910,7,0,11326,0,0,0,0
2013-07-27,d_911,1,0,11327,0,0,0,1
2013-07-28,d_912,2,0,11327,0,0,0,1
2013-07-29,d_913,3,0,11327,0,0,0,0
2013-07-30,d_914,4,0,11327,0,0,0,0
2013-07-31,d_915,5,0,11327,0,0,0,0
2013-08-01,d_916,6,0,11327,1,1,0,0
2013-08-02,d_917,7,0,11327,1,0,1,0
2013-08-03,d_918,1,0,11328,1,1,1,1
2013-08-04,d_919,2,0,11328,1,0,0,1
2013-08-05,d_920,3,0,11328,1,1,1,0
2013-08-06,d_921,4,0,11328,1,1,1,0
2013-08-07,d_922,5,0,11328,1,1,0,0
2013-08-08,d_923,6,1,11328,1,0,1,0
2013-08-09,d_924,7,0,11328,1,1,1,0
2013-08-10,d_925,1,0,11329,1,0,0,1
2013-08-11,d_926,2,0,11329,0,1,1,1
2013-08-12,d_927,3,0,11329,0,1,1,0
2013-08-13,d_928,4,0,11329,0,1,0,0
2013-08-14,d_929,5,0,11329,0,0,1,0
2013-08-15,d_930,6,0,11329,0,1,1,0
2013-08-16,d_931,7,0,11329,0,0,0,0
2013-08-17,d_932,1,0,11330,0,0,0,1
2013-08-18,d_933,2,0,11330,0,0,0,1
2013-08-19,d_934,3,0,11330,0,0,0,0
2013-08-20,d_935,4,0,11330,0,0,0,0
2013-08-21,d_936,5,0,11330,0,0,0,0
2013-08-22,d_937,6,0,11330,0,0,0,0
2013-08-23,d_938,7,0,11330,0,0,0,0
2013-08-24,d_939,1,0,11331,0,0,0,1
2013-08-25,d_940,2,0,11331,0,0,0,1
2013-08-26,d_941,3,0,11331,0,0,0,0
2013-08-27,d_942,4,0,11331,0,0,0,0
2013-08-28,d_943,5,0,11331,0,0,0,0
2013-08-29,d_944,6,0,11331,0,0,0,0
2013-08-30,d_945,7,0,11331,0,0,0,0
2013-08-31,d_946,1,0,11332,0,0,0,1
2013-09-01,d_947,2,0,11332,1,1,0,1
2013-09-02,d_948,3,1,11332,1,0,1,0
2013-09-03,d_949,4,0,11332,1,1,1,0
2013-09-04,d_950,5,0,11332,1,0,0,0
2013-09-05,d_951,6,0,11332,1,1,1,0
2013-09-06,d_952,7,0,11332,1,1,1,0
2013-09-07,d_953,1,0,11333,1,1,0,1
2013-09-08,d_954,2,0,11333,1,0,1,1
2013-09-09,d_955,3,0,11333,1,1,1,0
2013-09-10,d_956,4,0,11333,1,0,0,0
2013-09-11,d_957,5,0,11333,0,1,1,0
2013-09-12,d_958,6,0,11333,0,1,1,0
2013-09-13,d_959,7,0,11333,0,1,0,0
2013-09-14,d_960,1,0,11334,0,0,1,1
2013-09-15,d_961,2,0,11334,0,1,1,1
2013-09-16,d_962,3,0,11334,0,0,0,0
2013-09-17,d_963,4,0,11334,0,0,0,0
2013-09-18,d_964,5,0,11334,0,0,0,0
2013-09-19,d_965,6,0,11334,0,0,0,0
2013-09-20,d_966,7,0,11334,0,0,0,0
2013-09-21,d_967,1,0,11335,0,0,0,1
2013-09-22,d_968,2,0,11335,0,0,0,1
2013-09-23,d_969,3,0,11335,0,0,0,0
2013-09-24,d_970,4,0,11335,0,0,0,0
2013-09-25,d_971,5,0,11335,0,0,0,0
2013-09-26,d_972,6,0,11335,0,0,0,0
2013-09-27,d_973,7,0,11335,0,0,0,0
2013-09-28,d_974,1,0,11336,0,0,0,1
2013-09-29,d_975,2,0,11336,0,0,0,1
2013-09-30,d_976,3,0,11336,0,0,0,0
2013-10-01,d_977,4,0,11336,1,1,0,0
2013-10-02,d_978,5,0,11336,1,0,1,0
2013-10-03,d_979,6,0,11336,1,1,1,0
2013-10-04,d_980,7,0,11336,1,0,0,0
2013-10-05,d_981,1,0,11337,1,1,1,1
2013-10-06,d_982,2,0,11337,1,1,1,1
2013-10-07,d_983,3,0,11337,1,1,0,0
2013-10-08,d_984,4,0,11337,1,0,1,0
2013-10-09,d_985,5,0,11337,1,1,1,0
2013-10-10,d_986,6,0,11337,1,0,0,0
2013-10-11,d_987,7,0,11337,0,1,1,0
2013-10-12,d_988,1,0,11338,0,1,1,1
2013-10-13,d_989,2,0,11338,0,1,0,1
2013-10-14,d_990,3,1,11338,0,0,1,0
2013-10-15,d_991,4,1,11338,0,1,1,0
2013-10-16,d_992,5,0,11338,0,0,0,0
2013-10-17,d_993,6,0,11338,0,0,0,0
2013-10-18,d_994,7,0,11338,0,0,0,0
2013-10-19,d_995,1,0,11339,0,0,0,1
2013-10-20,d_996,2,0,11339,0,0,0,1
2013-10-21,d_997,3,0,11339,0,0,0,0
2013-10-22,d_998,4,0,11339,0,0,0,0
2013-10-23,d_999,5,0,11339,0,0,0,0
2013-10-24,d_1000,6,0,11339,0,0,0,0
2013-10-25,d_1001,7,0,11339,0,0,0,0
2013-10-26,d_1002,1,0,11340,0,0,0,1
2013-10-27,d_1003,2,0,11340,0,0,0,1
2013-10-28,d_1004,3,0,11340,0,0,0,0
2013-10-29,d_1005,4,0,11340,0,0,0,0
2013-10-30,d_1006,5,0,11340,0,0,0,0
2013-10-31,d_1007,6,1,11340,0,0,0,0
2013-11-01,d_1008,7,0,11340,1,1,0,0
2013-11-02,d_1009,1,0,11341,1,0,1,1
2013-11-03,d_1010,2,0,11341,1,1,1,1
2013-11-04,d_1011,3,0,11341,1,0,0,0
2013-11-05,d_1012,4,0,11341,1,1,1,0
2013-11-06,d_1013,5,0,11341,1,1,1,0
2013-11-07,d_1014,6,0,11341,1,1,0,0
2013-11-08,d_1015,7,0,11341,1,0,1,0
2013-11-09,d_1016,1,0,11342,1,1,1,1
2013-11-10,d_1017,2,0,11342,1,0,0,1
2013-11-11,d_1018,3,1,11342,0,1,1,0
2013-11-12,d_1019,4,0,11342,0,1,1,0
2013-11-13,d_1020,5,0,11342,0,1,0,0
2013-11-14,d_1021,6,0,11342,0,0,1,0
2013-11-15,d_1022,7,0,11342,0,1,1,0
2013-11-16,d_1023,1,0,11343,0,0,0,1
2013-11-17,d_1024,2,0,11343,0,0,0,1
2013-11-18,d_1025,3,0,11343,0,0,0,0
2013-11-19,d_1026,4,0,11343,0,0,0,0
2013-11-20,d_1027,5,0,11343,0,0,0,0
2013-11-21,d_1028,6,0,11343,0,0,0,0
2013-11-22,d_1029,7,0,11343,0,0,0,0
2013-11-23,d_1030,1,0,11344,0,0,0,1
2013-11-24,d_1031,2,0,11344,0,0,0,1
2013-11-25,d_1032,3,0,11344,0,0,0,0
2013-11-26,d_1033,4,0,11344,0,0,0,0
2013-11-27,d_1034,5,0,11344,0,0,0,0
2013-11-28,d_1035,6,1,11344,0,0,0,0
2013-11-29,d_1036,7,0,11344,0,0,0,0
2013-11-30,d_1037,1,0,11345,0,0,0,1
2013-12-01,d_1038,2,0,11345,1,1,0,1
2013-12-02,d_1039,3,0,11345,1,0,1,0
2013-12-03,d_1040,4,0,11345,1,1,1,0
2013-12-04,d_1041,5,0,11345,1,0,0,0
2013-12-05,d_1042,6,1,11345,1,1,1,0
2013-12-06,d_1043,7,0,11345,1,1,1,0
2013-12-07,d_1044,1,0,11346,1,1,0,1
2013-12-08,d_1045,2,0,11346,1,0,1,1
2013-12-09,d_1046,3,0,11346,1,1,1,0
2013-12-10,d_1047,4,0,11346,1,0,0,0
2013-12-11,d_1048,5,0,11346,0,1,1,0
2013-12-12,d_1049,6,0,11346,0,1,1,0
2013-12-13,d_1050,7,0,11346,0,1,0,0
2013-12-14,d_1051,1,0,11347,0,0,1,1
2013-12-15,d_1052,2,0,11347,0,1,1,1
2013-12-16,d_1053,3,0,11347,0,0,0,0
2013-12-17,d_1054,4,0,11347,0,0,0,0
2013-12-18,d_1055,5,0,11347,0,0,0,0
2013-12-19,d_1056,6,0,11347,0,0,0,0
2013-12-20,d_1057,7,0,11347,0,0,0,0
2013-12-21,d_1058,1,0,11348,0,0,0,1
2013-12-22,d_1059,2,0,11348,0,0,0,1
2013-12-23,d_1060,3,0,11348,0,0,0,0
2013-12-24,d_1061,4,0,11348,0,0,0,0
2013-12-25,d_1062,5,1,11348,0,0,0,0
2013-12-26,d_1063,6,0,11348,0,0,0,0
2013-12-27,d_1064,7,0,11348,0,0,0,0
2013-12-28,d_1065,1,0,11349,0,0,0,1
2013-12-29,d_1066,2,0,11349,0,0,0,1
2013-12-30,d_1067,3,0,11349,0,0,0,0
2013-12-31,d_1068,4,0,11349,0,0,0,0
2014-01-01,d_1069,5,1,11349,1,1,0,0
2014-01-02,d_1070,6,0,11349,1,0,1,0
2014-01-03,d_1071,7,0,11349,1,1,1,0
2014-01-04,d_1072,1,0,11350,1,0,0,1
2014-01-05,d_1073,2,0,11350,1,1,1,1
2014-01-06,d_1074,3,0,11350,1,1,1,0
2014-01-07,d_1075,4,1,11350,1,1,0,0
2014-01-08,d_1076,5,0,11350,1,0,1,0
2014-01-09,d_1077,6,0,11350,1,1,1,0
2014-01-10,d_1078,7,0,11350,1,0,0,0
2014-01-11,d_1079,1,0,11351,0,1,1,1
2014-01-12,d_1080,2,0,11351,0,1,1,1
2014-01-13,d_1081,3,0,11351,0,1,0,0
2014-01-14,d_1082,4,0,11351,0,0,1,0
2014-01-15,d_1083,5,0,11351,0,1,1,0
2014-01-16,d_1084,6,0,11351,0,0,0,0
2014-01-17,d_1085,7,0,11351,0,0,0,0
2014-01-18,d_1086,1,0,11352,0,0,0,1
2014-01-19,d_1087,2,0,11352,0,0,0,1
2014-01-20,d_1088,3,1,11352,0,0,0,0
2014-01-21,d_1089,4,0,11352,0,0,0,0
2014-01-22,d_1090,5,0,11352,0,0,0,0
2014-01-23,d_1091,6,0,11352,0,0,0,0
2014-01-24,d_1092,7,0,11352,0,0,0,0
2014-01-25,d_1093,1,0,11353,0,0,0,1
2014-01-26,d_1094,2,0,11353,0,0,0,1
2014-01-27,d_1095,3,0,11353,0,0,0,0
2014-01-28,d_1096,4,0,11353,0,0,0,0
2014-01-29,d_1097,5,0,11353,0,0,0,0
2014-01-30,d_1098,6,0,11353,0,0,0,0
2014-01-31,d_1099,7,0,11353,0,0,0,0
2014-02-01,d_1100,1,0,11401,1,1,0,1
2014-02-02,d_1101,2,1,11401,1,0,1,1
2014-02-03,d_1102,3,0,11401,1,1,1,0
2014-02-04,d_1103,4,0,11401,1,0,0,0
2014-02-05,d_1104,5,0,11401,1,1,1,0
2014-02-06,d_1105,6,0,11401,1,1,1,0
2014-02-07,d_1106,7,0,11401,1,1,0,0
2014-02-08,d_1107,1,0,11402,1,0,1,1
2014-02-09,d_1108,2,0,11402,1,1,1,1
2014-02-10,d_1109,3,0,11402,1,0,0,0
2014-02-11,d_1110,4,0,11402,0,1,1,0
2014-02-12,d_1111,5,0,11402,0,1,1,0
2014-02-13,d_1112,6,0,11402,0,1,0,0
2014-02-14,d_1113,7,1,11402,0,0,1,0
2014-02-15,d_1114,1,0,11403,0,1,1,1
2014-02-16,d_1115,2,0,11403,0,0,0,1
2014-02-17,d_1116,3,1,11403,0,0,0,0
2014-02-18,d_1117,4,0,11403,0,0,0,0
2014-02-19,d_1118,5,0,11403,0,0,0,0
2014-02-20,d_1119,6,0,11403,0,0,0,0
2014-02-21,d_1120,7,0,11403,0,0,0,0
2014-02-22,d_1121,1,0,11404,0,0,0,1
2014-02-23,d_1122,2,0,11404,0,0,0,1
2014-02-24,d_1123,3,0,11404,0,0,0,0
2014-02-25,d_1124,4,0,11404,0,0,0,0
2014-02-26,d_1125,5,0,11404,0,0,0,0
2014-02-27,d_1126,6,0,11404,0,0,0,0
2014-02-28,d_1127,7,0,11404,0,0,0,0
2014-03-01,d_1128,1,0,11405,1,1,0,1
2014-03-02,d_1129,2,0,11405,1,0,1,1
2014-03-03,d_1130,3,0,11405,1,1,1,0
2014-03-04,d_1131,4,0,11405,1,0,0,0
2014-03-05,d_1132,5,1,11405,1,1,1,0
2014-03-06,d_1133,6,0,11405,1,1,1,0
2014-03-07,d_1134,7,0,11405,1,1,0,0
2014-03-08,d_1135,1,0,11406,1,0,1,1
2014-03-09,d_1136,2,0,11406,1,1,1,1
2014-03-10,d_1137,3,0,11406,1,0,0,0
2014-03-11,d_1138,4,0,11406,0,1,1,0
2014-03-12,d_1139,5,1,11406,0,1,1,0
2014-03-13,d_1140,6,0,11406,0,1,0,0
2014-03-14,d_1141,7,0,11406,0,0,1,0
2014-03-15,d_1142,1,0,11407,0,1,1,1
2014-03-16,d_1143,2,1,11407,0,0,0,1
2014-03-17,d_1144,3,1,11407,0,0,0,0
2014-03-18,d_1145,4,0,11407,0,0,0,0
2014-03-19,d_1146,5,0,11407,0,0,0,0
2014-03-20,d_1147,6,0,11407,0,0,0,0
2014-03-21,d_1148,7,0,11407,0,0,0,0
2014-03-22,d_1149,1,0,11408,0,0,0,1
2014-03-23,d_1150,2,0,11408,0,0,0,1
2014-03-24,d_1151,3,0,11408,0,0,0,0
2014-03-25,d_1152,4,0,11408,0,0,0,0
2014-03-26,d_1153,5,0,11408,0,0,0,0
2014-03-27,d_1154,6,0,11408,0,0,0,0
2014-03-28,d_1155,7,0,11408,0,0,0,0
2014-03-29,d_1156,1,0,11409,0,0,0,1
2014-03-30,d_1157,2,0,11409,0,0,0,1
2014-03-31,d_1158,3,0,11409,0,0,0,0
2014-04-01,d_1159,4,0,11409,1,1,0,0
2014-04-02,d_1160,5,0,11409,1,0,1,0
2014-04-03,d_1161,6,0,11409,1,1,1,0
2014-04-04,d_1162,7,0,11409,1,0,0,0
2014-04-05,d_1163,1,0,11410,1,1,1,1
2014-04-06,d_1164,2,0,11410,1,1,1,1
2014-04-07,d_1165,3,0,11410,1,1,0,0
2014-04-08,d_1166,4,0,11410,1,0,1,0
2014-04-09,d_1167,5,0,11410,1,1,1,0
2014-04-10,d_1168,6,0,11410,1,0,0,0
2014-04-11,d_1169,7,0,11410,0,1,1,0
2014-04-12,d_1170,1,0,11411,0,1,1,1
2014-04-13,d_1171,2,0,11411,0,1,0,1
2014-04-14,d_1172,3,0,11411,0,0,1,0
2014-04-15,d_1173,4,0,11411,0,1,1,0
2014-04-16,d_1174,5,0,11411,0,0,0,0
2014-04-17,d_1175,6,0,11411,0,0,0,0
2014-04-18,d_1176,7,0,11411,0,0,0,0
2014-04-19,d_1177,1,0,11412,0,0,0,1
2014-04-20,d_1178,2,1,11412,0,0,0,1
2014-04-21,d_1179,3,0,11412,0,0,0,0
2014-04-22,d_1180,4,1,11412,0,0,0,0
2014-04-23,d_1181,5,0,11412,0,0,0,0
2014-04-24,d_1182,6,0,11412,0,0,0,0
2014-04-25,d_1183,7,0,11412,0,0,0,0
2014-04-26,d_1184,1,0,11413,0,0,0,1
2014-04-27,d_1185,2,0,11413,0,0,0,1
2014-04-28,d_1186,3,0,11413,0,0,0,0
2014-04-29,d_1187,4,0,11413,0,0,0,0
2014-04-30,d_1188,5,0,11413,0,0,0,0
2014-05-01,d_1189,6,0,11413,1,1,0,0
2014-05-02,d_1190,7,0,11413,1,0,1,0
2014-05-03,d_1191,1,0,11414,1,1,1,1
2014-05-04,d_1192,2,0,11414,1,0,0,1
2014-05-05,d_1193,3,1,11414,1,1,1,0
2014-05-06,d_1194,4,0,11414,1,1,1,0
2014-05-07,d_1195,5,0,11414,1,1,0,0
2014-05-08,d_1196,6,0,11414,1,0,1,0
2014-05-09,d_1197,7,0,11414,1,1,1,0
2014-05-10,d_1198,1,0,11415,1,0,0,1
2014-05-11,d_1199,2,1,11415,0,1,1,1
2014-05-12,d_1200,3,0,11415,0,1,1,0
2014-05-13,d_1201,4,0,11415,0,1,0,0
2014-05-14,d_1202,5,0,11415,0,0,1,0
2014-05-15,d_1203,6,0,11415,0,1,1,0
2014-05-16,d_1204,7,0,11415,0,0,0,0
2014-05-17,d_1205,1,0,11416,0,0,0,1
2014-05-18,d_1206,2,0,11416,0,0,0,1
2014-05-19,d_1207,3,0,11416,0,0,0,0
2014-05-20,d_1208,4,0,11416,0,0,0,0
2014-05-21,d_1209,5,0,11416,0,0,0,0
2014-05-22,d_1210,6,0,11416,0,0,0,0
2014-05-23,d_1211,7,0,11416,0,0,0,0
2014-05-24,d_1212,1,0,11417,0,0,0,1
2014-05-25,d_1213,2,0,11417,0,0,0,1
2014-05-26,d_1214,3,1,11417,0,0,0,0
2014-05-27,d_1215,4,0,11417,0,0,0,0
2014-05-28,d_1216,5,0,11417,0,0,0,0
2014-05-29,d_1217,6,0,11417,0,0,0,0
2014-05-30,d_1218,7,0,11417,0,0,0,0
2014-05-31,d_1219,1,0,11418,0,0,0,1
2014-06-01,d_1220,2,0,11418,1,1,0,1
2014-06-02,d_1221,3,0,11418,1,0,1,0
2014-06-03,d_1222,4,0,11418,1,1,1,0
2014-06-04,d_1223,5,0,11418,1,0,0,0
2014-06-05,d_1224,6,1,11418,1,1,1,0
2014-06-06,d_1225,7,0,11418,1,1,1,0
2014-06-07,d_1226,1,0,11419,1,1,0,1
2014-06-08,d_1227,2,0,11419,1,0,1,1
2014-06-09,d_1228,3,0,11419,1,1,1,0
2014-06-10,d_1229,4,0,11419,1,0,0,0
2014-06-11,d_1230,5,0,11419,0,1,1,0
2014-06-12,d_1231,6,0,11419,0,1,1,0
2014-06-13,d_1232,7,0,11419,0,1,0,0
2014-06-14,d_1233,1,0,11420,0,0,1,1
2014-06-15,d_1234,2,1,11420,0,1,1,1
2014-06-16,d_1235,3,0,11420,0,0,0,0
2014-06-17,d_1236,4,0,11420,0,0,0,0
2014-06-18,d_1237,5,0,11420,0,0,0,0
2014-06-19,d_1238,6,0,11420,0,0,0,0
2014-06-20,d_1239,7,0,11420,0,0,0,0
2014-06-21,d_1240,1,0,11421,0,0,0,1
2014-06-22,d_1241,2,0,11421,0,0,0,1
2014-06-23,d_1242,3,0,11421,0,0,0,0
2014-06-24,d_1243,4,0,11421,0,0,0,0
2014-06-25,d_1244,5,0,11421,0,0,0,0
2014-06-26,d_1245,6,0,11421,0,0,0,0
2014-06-27,d_1246,7,0,11421,0,0,0,0
2014-06-28,d_1247,1,0,11422,0,0,0,1
2014-06-29,d_1248,2,1,11422,0,0,0,1
2014-06-30,d_1249,3,0,11422,0,0,0,0
2014-07-01,d_1250,4,0,11422,1,1,0,0
2014-07-02,d_1251,5,0,11422,1,0,1,0
2014-07-03,d_1252,6,0,11422,1,1,1,0
2014-07-04,d_1253,7,1,11422,1,0,0,0
2014-07-05,d_1254,1,0,11423,1,1,1,1
2014-07-06,d_1255,2,0,11423,1,1,1,1
2014-07-07,d_1256,3,0,11423,1,1,0,0
2014-07-08,d_1257,4,0,11423,1,0,1,0
2014-07-09,d_1258,5,0,11423,1,1,1,0
2014-07-10,d_1259,6,0,11423,1,0,0,0
2014-07-11,d_1260,7,0,11423,0,1,1,0
2014-07-12,d_1261,1,0,11424,0,1,1,1
2014-07-13,d_1262,2,0,11424,0,1,0,1
2014-07-14,d_1263,3,0,11424,0,0,1,0
2014-07-15,d_1264,4,0,11424,0,1,1,0
2014-07-16,d_1265,5,0,11424,0,0,0,0
2014-07-17,d_1266,6,0,11424,0,0,0,0
2014-07-18,d_1267,7,0,11424,0,0,0,0
2014-07-19,d_1268,1,0,11425,0,0,0,1
2014-07-20,d_1269,2,0,11425,0,0,0,1
2014-07-21,d_1270,3,0,11425,0,0,0,0
2014-07-22,d_1271,4,0,11425,0,0,0,0
2014-07-23,d_1272,5,0,11425,0,0,0,0
2014-07-24,d_1273,6,0,11425,0,0,0,0
2014-07-25,d_1274,7,0,11425,0,0,0,0
2014-07-26,d_1275,1,0,11426,0,0,0,1
2014-07-27,d_1276,2,0,11426,0,0,0,1
2014-07-28,d_1277,3,0,11426,0,0,0,0
2014-07-29,d_1278,4,1,11426,0,0,0,0
2014-07-30,d_1279,5,0,11426,0,0,0,0
2014-07-31,d_1280,6,0,11426,0,0,0,0
2014-08-01,d_1281,7,0,11426,1,1,0,0
2014-08-02,d_1282,1,0,11427,1,0,1,1
2014-08-03,d_1283,2,0,11427,1,1,1,1
2014-08-04,d_1284,3,0,11427,1,0,0,0
2014-08-05,d_1285,4,0,11427,1,1,1,0
2014-08-06,d_1286,5,0,11427,1,1,1,0
2014-08-07,d_1287,6,0,11427,1,1,0,0
2014-08-08,d_1288,7,0,11427,1,0,1,0
2014-08-09,d_1289,1,0,11428,1,1,1,1
2014-08-10,d_1290,2,0,11428,1,0,0,1
2014-08-11,d_1291,3,0,11428,0,1,1,0
2014-08-12,d_1292,4,0,11428,0,1,1,0
2014-08-13,d_1293,5,0,11428,0,1,0,0
2014-08-14,d_1294,6,0,11428,0,0,1,0
2014-08-15,d_1295,7,0,11428,0,1,1,0
2014-08-16,d_1296,1,0,11429,0,0,0,1
2014-08-17,d_1297,2,0,11429,0,0,0,1
2014-08-18,d_1298,3,0,11429,0,0,0,0
2014-08-19,d_1299,4,0,11429,0,0,0,0
2014-08-20,d_1300,5,0,11429,0,0,0,0
2014-08-21,d_1301,6,0,11429,0,0,0,0
2014-08-22,d_1302,7,0,11429,0,0,0,0
2014-08-23,d_1303,1,0,11430,0,0,0,1
2014-08-24,d_1304,2,0,11430,0,0,0,1
2014-08-25,d_1305,3,0,11430,0,0,0,0
2014-08-26,d_1306,4,0,11430,0,0,0,0
2014-08-27,d_1307,5,0,11430,0,0,0,0
2014-08-28,d_1308,6,0,11430,0,0,0,0
2014-08-29,d_1309,7,0,11430,0,0,0,0
2014-08-30,d_1310,1,0,11431,0,0,0,1
2014-08-31,d_1311,2,0,11431,0,0,0,1
2014-09-01,d_1312,3,1,11431,1,1,0,0
2014-09-02,d_1313,4,0,11431,1,0,1,0
2014-09-03,d_1314,5,0,11431,1,1,1,0
2014-09-04,d_1315,6,0,11431,1,0,0,0
2014-09-05,d_1316,7,0,11431,1,1,1,0
2014-09-06,d_1317,1,0,11432,1,1,1,1
2014-09-07,d_1318,2,0,11432,1,1,0,1
2014-09-08,d_1319,3,0,11432,1,0,1,0
2014-09-09,d_1320,4,0,11432,1,1,1,0
2014-09-10,d_1321,5,0,11432,1,0,0,0
2014-09-11,d_1322,6,0,11432,0,1,1,0
2014-09-12,d_1323,7,0,11432,0,1,1,0
2014-09-13,d_1324,1,0,11433,0,1,0,1
2014-09-14,d_1325,2,0,11433,0,0,1,1
2014-09-15,d_1326,3,0,11433,0,1,1,0
2014-09-16,d_1327,4,0,11433,0,0,0,0
2014-09-17,d_1328,5,0,11433,0,0,0,0
2014-09-18,d_1329,6,0,11433,0,0,0,0
2014-09-19,d_1330,7,0,11433,0,0,0,0
2014-09-20,d_1331,1,0,11434,0,0,0,1
2014-09-21,d_1332,2,0,11434,0,0,0,1
2014-09-22,d_1333,3,0,11434,0,0,0,0
2014-09-23,d_1334,4,0,11434,0,0,0,0
2014-09-24,d_1335,5,0,11434,0,0,0,0
2014-09-25,d_1336,6,0,11434,0,0,0,0
2014-09-26,d_1337,7,0,11434,0,0,0,0
2014-09-27,d_1338,1,0,11435,0,0,0,1
2014-09-28,d_1339,2,0,11435,0,0,0,1
2014-09-29,d_1340,3,0,11435,0,0,0,0
2014-09-30,d_1341,4,0,11435,0,0,0,0
2014-10-01,d_1342,5,0,11435,1,1,0,0
2014-10-02,d_1343,6,0,11435,1,0,1,0
2014-10-03,d_1344,7,0,11435,1,1,1,0
2014-10-04,d_1345,1,1,11436,1,0,0,1
2014-10-05,d_1346,2,0,11436,1,1,1,1
2014-10-06,d_1347,3,0,11436,1,1,1,0
2014-10-07,d_1348,4,0,11436,1,1,0,0
2014-10-08,d_1349,5,0,11436,1,0,1,0
2014-10-09,d_1350,6,0,11436,1,1,1,0
2014-10-10,d_1351,7,0,11436,1,0,0,0
2014-10-11,d_1352,1,0,11437,0,1,1,1
2014-10-12,d_1353,2,0,11437,0,1,1,1
2014-10-13,d_1354,3,1,11437,0,1,0,0
2014-10-14,d_1355,4,0,11437,0,0,1,0
2014-10-15,d_1356,5,0,11437,0,1,1,0
2014-10-16,d_1357,6,0,11437,0,0,0,0
2014-10-17,d_1358,7,0,11437,0,0,0,0
2014-10-18,d_1359,1,0,11438,0,0,0,1
2014-10-19,d_1360,2,0,11438,0,0,0,1
2014-10-20,d_1361,3,0,11438,0,0,0,0
2014-10-21,d_1362,4,0,11438,0,0,0,0
2014-10-22,d_1363,5,0,11438,0,0,0,0
2014-10-23,d_1364,6,0,11438,0,0,0,0
2014-10-24,d_1365,7,0,11438,0,0,0,0
2014-10-25,d_1366,1,0,11439,0,0,0,1
2014-10-26,d_1367,2,0,11439,0,0,0,1
2014-10-27,d_1368,3,0,11439,0,0,0,0
2014-10-28,d_1369,4,0,11439,0,0,0,0
2014-10-29,d_1370,5,0,11439,0,0,0,0
2014-10-30,d_1371,6,0,11439,0,0,0,0
2014-10-31,d_1372,7,1,11439,0,0,0,0
2014-11-01,d_1373,1,0,11440,1,1,0,1
2014-11-02,d_1374,2,0,11440,1,0,1,1
2014-11-03,d_1375,3,0,11440,1,1,1,0
2014-11-04,d_1376,4,0,11440,1,0,0,0
2014-11-05,d_1377,5,0,11440,1,1,1,0
2014-11-06,d_1378,6,0,11440,1,1,1,0
2014-11-07,d_1379,7,0,11440,1,1,0,0
2014-11-08,d_1380,1,0,11441,1,0,1,1
2014-11-09,d_1381,2,0,11441,1,1,1,1
2014-11-10,d_1382,3,0,11441,1,0,0,0
2014-11-11,d_1383,4,1,11441,0,1,1,0
2014-11-12,d_1384,5,0,11441,0,1,1,0
2014-11-13,d_1385,6,0,11441,0,1,0,0
2014-11-14,d_1386,7,0,11441,0,0,1,0
2014-11-15,d_1387,1,0,11442,0,1,1,1
2014-11-16,d_1388,2,0,11442,0,0,0,1
2014-11-17,d_1389,3,0,11442,0,0,0,0
2014-11-18,d_1390,4,0,11442,0,0,0,0
2014-11-19,d_1391,5,0,11442,0,0,0,0
2014-11-20,d_1392,6,0,11442,0,0,0,0
2014-11-21,d_1393,7,0,11442,0,0,0,0
2014-11-22,d_1394,1,0,11443,0,0,0,1
2014-11-23,d_1395,2,0,11443,0,0,0,1
2014-11-24,d_1396,3,0,11443,0,0,0,0
2014-11-25,d_1397,4,0,11443,0,0,0,0
2014-11-26,d_1398,5,0,11443,0,0,0,0
2014-11-27,d_1399,6,1,11443,0,0,0,0
2014-11-28,d_1400,7,0,11443,0,0,0,0
2014-11-29,d_1401,1,0,11444,0,0,0,1
2014-11-30,d_1402,2,0,11444,0,0,0,1
2014-12-01,d_1403,3,0,11444,1,1,0,0
2014-12-02,d_1404,4,0,11444,1,0,1,0
2014-12-03,d_1405,5,0,11444,1,1,1,0
2014-12-04,d_1406,6,0,11444,1,0,0,0
2014-12-05,d_1407,7,0,11444,1,1,1,0
2014-12-06,d_1408,1,0,11445,1,1,1,1
2014-12-07,d_1409,2,0,11445,1,1,0,1
2014-12-08,d_1410,3,0,11445,1,0,1,0
2014-12-09,d_1411,4,0,11445,1,1,1,0
2014-12-10,d_1412,5,0,11445,1,0,0,0
2014-12-11,d_1413,6,0,11445,0,1,1,0
2014-12-12,d_1414,7,0,11445,0,1,1,0
2014-12-13,d_1415,1,0,11446,0,1,0,1
2014-12-14,d_1416,2,0,11446,0,0,1,1
2014-12-15,d_1417,3,0,11446,0,1,1,0
2014-12-16,d_1418,4,0,11446,0,0,0,0
2014-12-17,d_1419,5,0,11446,0,0,0,0
2014-12-18,d_1420,6,0,11446,0,0,0,0
2014-12-19,d_1421,7,0,11446,0,0,0,0
2014-12-20,d_1422,1,0,11447,0,0,0,1
2014-12-21,d_1423,2,0,11447,0,0,0,1
2014-12-22,d_1424,3,0,11447,0,0,0,0
2014-12-23,d_1425,4,0,11447,0,0,0,0
2014-12-24,d_1426,5,1,11447,0,0,0,0
2014-12-25,d_1427,6,1,11447,0,0,0,0
2014-12-26,d_1428,7,0,11447,0,0,0,0
2014-12-27,d_1429,1,0,11448,0,0,0,1
2014-12-28,d_1430,2,0,11448,0,0,0,1
2014-12-29,d_1431,3,0,11448,0,0,0,0
2014-12-30,d_1432,4,0,11448,0,0,0,0
2014-12-31,d_1433,5,0,11448,0,0,0,0
2015-01-01,d_1434,6,1,11448,1,1,0,0
2015-01-02,d_1435,7,0,11448,1,0,1,0
2015-01-03,d_1436,1,0,11449,1,1,1,1
2015-01-04,d_1437,2,0,11449,1,0,0,1
2015-01-05,d_1438,3,0,11449,1,1,1,0
2015-01-06,d_1439,4,0,11449,1,1,1,0
2015-01-07,d_1440,5,1,11449,1,1,0,0
2015-01-08,d_1441,6,0,11449,1,0,1,0
2015-01-09,d_1442,7,0,11449,1,1,1,0
2015-01-10,d_1443,1,0,11450,1,0,0,1
2015-01-11,d_1444,2,0,11450,0,1,1,1
2015-01-12,d_1445,3,0,11450,0,1,1,0
2015-01-13,d_1446,4,0,11450,0,1,0,0
2015-01-14,d_1447,5,0,11450,0,0,1,0
2015-01-15,d_1448,6,0,11450,0,1,1,0
2015-01-16,d_1449,7,0,11450,0,0,0,0
2015-01-17,d_1450,1,0,11451,0,0,0,1
2015-01-18,d_1451,2,0,11451,0,0,0,1
2015-01-19,d_1452,3,1,11451,0,0,0,0
2015-01-20,d_1453,4,0,11451,0,0,0,0
2015-01-21,d_1454,5,0,11451,0,0,0,0
2015-01-22,d_1455,6,0,11451,0,0,0,0
2015-01-23,d_1456,7,0,11451,0,0,0,0
2015-01-24,d_1457,1,0,11452,0,0,0,1
2015-01-25,d_1458,2,0,11452,0,0,0,1
2015-01-26,d_1459,3,0,11452,0,0,0,0
2015-01-27,d_1460,4,0,11452,0,0,0,0
2015-01-28,d_1461,5,0,11452,0,0,0,0
2015-01-29,d_1462,6,0,11452,0,0,0,0
2015-01-30,d_1463,7,0,11452,0,0,0,0
2015-01-31,d_1464,1,0,11501,0,0,0,1
2015-02-01,d_1465,2,1,11501,1,1,0,1
2015-02-02,d_1466,3,0,11501,1,0,1,0
2015-02-03,d_1467,4,0,11501,1,1,1,0
2015-02-04,d_1468,5,0,11501,1,0,0,0
2015-02-05,d_1469,6,0,11501,1,1,1,0
2015-02-06,d_1470,7,0,11501,1,1,1,0
2015-02-07,d_1471,1,0,11502,1,1,0,1
2015-02-08,d_1472,2,0,11502,1,0,1,1
2015-02-09,d_1473,3,0,11502,1,1,1,0
2015-02-10,d_1474,4,0,11502,1,0,0,0
2015-02-11,d_1475,5,0,11502,0,1,1,0
2015-02-12,d_1476,6,0,11502,0,1,1,0
2015-02-13,d_1477,7,0,11502,0,1,0,0
2015-02-14,d_1478,1,1,11503,0,0,1,1
2015-02-15,d_1479,2,0,11503,0,1,1,1
2015-02-16,d_1480,3,1,11503,0,0,0,0
2015-02-17,d_1481,4,0,11503,0,0,0,0
2015-02-18,d_1482,5,1,11503,0,0,0,0
2015-02-19,d_1483,6,0,11503,0,0,0,0
2015-02-20,d_1484,7,0,11503,0,0,0,0
2015-02-21,d_1485,1,0,11504,0,0,0,1
2015-02-22,d_1486,2,0,11504,0,0,0,1
2015-02-23,d_1487,3,0,11504,0,0,0,0
2015-02-24,d_1488,4,0,11504,0,0,0,0
2015-02-25,d_1489,5,1,11504,0,0,0,0
2015-02-26,d_1490,6,0,11504,0,0,0,0
2015-02-27,d_1491,7,0,11504,0,0,0,0
2015-02-28,d_1492,1,0,11505,0,0,0,1
2015-03-01,d_1493,2,0,11505,1,1,0,1
2015-03-02,d_1494,3,0,11505,1,0,1,0
2015-03-03,d_1495,4,0,11505,1,1,1,0
2015-03-04,d_1496,5,0,11505,1,0,0,0
2015-03-05,d_1497,6,1,11505,1,1,1,0
2015-03-06,d_1498,7,0,11505,1,1,1,0
2015-03-07,d_1499,1,0,11506,1,1,0,1
2015-03-08,d_1500,2,0,11506,1,0,1,1
2015-03-09,d_1501,3,0,11506,1,1,1,0
2015-03-10,d_1502,4,0,11506,1,0,0,0
2015-03-11,d_1503,5,0,11506,0,1,1,0
2015-03-12,d_1504,6,0,11506,0,1,1,0
2015-03-13,d_1505,7,0,11506,0,1,0,0
2015-03-14,d_1506,1,0,11507,0,0,1,1
2015-03-15,d_1507,2,0,11507,0,1,1,1
2015-03-16,d_1508,3,0,11507,0,0,0,0
2015-03-17,d_1509,4,1,11507,0,0,0,0
2015-03-18,d_1510,5,0,11507,0,0,0,0
2015-03-19,d_1511,6,0,11507,0,0,0,0
2015-03-20,d_1512,7,0,11507,0,0,0,0
2015-03-21,d_1513,1,0,11508,0,0,0,1
2015-03-22,d_1514,2,0,11508,0,0,0,1
2015-03-23,d_1515,3,0,11508,0,0,0,0
2015-03-24,d_1516,4,0,11508,0,0,0,0
2015-03-25,d_1517,5,0,11508,0,0,0,0
2015-03-26,d_1518,6,0,11508,0,0,0,0
2015-03-27,d_1519,7,0,11508,0,0,0,0
2015-03-28,d_1520,1,0,11509,0,0,0,1
2015-03-29,d_1521,2,0,11509,0,0,0,1
2015-03-30,d_1522,3,0,11509,0,0,0,0
2015-03-31,d_1523,4,0,11509,0,0,0,0
2015-04-01,d_1524,5,0,11509,1,1,0,0
2015-04-02,d_1525,6,0,11509,1,0,1,0
2015-04-03,d_1526,7,0,11509,1,1,1,0
2015-04-04,d_1527,1,0,11510,1,0,0,1
2015-04-05,d_1528,2,1,11510,1,1,1,1
2015-04-06,d_1529,3,0,11510,1,1,1,0
2015-04-07,d_1530,4,0,11510,1,1,0,0
2015-04-08,d_1531,5,0,11510,1,0,1,0
2015-04-09,d_1532,6,0,11510,1,1,1,0
2015-04-10,d_1533,7,0,11510,1,0,0,0
2015-04-11,d_1534,1,1,11511,0,1,1,1
2015-04-12,d_1535,2,1,11511,0,1,1,1
2015-04-13,d_1536,3,0,11511,0,1,0,0
2015-04-14,d_1537,4,0,11511,0,0,1,0
2015-04-15,d_1538,5,0,11511,0,1,1,0
2015-04-16,d_1539,6,0,11511,0,0,0,0
2015-04-17,d_1540,7,0,11511,0,0,0,0
2015-04-18,d_1541,1,0,11512,0,0,0,1
2015-04-19,d_1542,2,0,11512,0,0,0,1
2015-04-20,d_1543,3,0,11512,0,0,0,0
2015-04-21,d_1544,4,0,11512,0,0,0,0
2015-04-22,d_1545,5,0,11512,0,0,0,0
2015-04-23,d_1546,6,0,11512,0,0,0,0
2015-04-24,d_1547,7,0,11512,0,0,0,0
2015-04-25,d_1548,1,0,11513,0,0,0,1
2015-04-26,d_1549,2,0,11513,0,0,0,1
2015-04-27,d_1550,3,0,11513,0,0,0,0
2015-04-28,d_1551,4,0,11513,0,0,0,0
2015-04-29,d_1552,5,0,11513,0,0,0,0
2015-04-30,d_1553,6,0,11513,0,0,0,0
2015-05-01,d_1554,7,0,11513,1,1,0,0
2015-05-02,d_1555,1,0,11514,1,0,1,1
2015-05-03,d_1556,2,0,11514,1,1,1,1
2015-05-04,d_1557,3,0,11514,1,0,0,0
2015-05-05,d_1558,4,1,11514,1,1,1,0
2015-05-06,d_1559,5,0,11514,1,1,1,0
2015-05-07,d_1560,6,0,11514,1,1,0,0
2015-05-08,d_1561,7,0,11514,1,0,1,0
2015-05-09,d_1562,1,0,11515,1,1,1,1
2015-05-10,d_1563,2,1,11515,1,0,0,1
2015-05-11,d_1564,3,0,11515,0,1,1,0
2015-05-12,d_1565,4,0,11515,0,1,1,0
2015-05-13,d_1566,5,0,11515,0,1,0,0
2015-05-14,d_1567,6,0,11515,0,0,1,0
2015-05-15,d_1568,7,0,11515,0,1,1,0
2015-05-16,d_1569,1,0,11516,0,0,0,1
2015-05-17,d_1570,2,0,11516,0,0,0,1
2015-05-18,d_1571,3,0,11516,0,0,0,0
2015-05-19,d_1572,4,0,11516,0,0,0,0
2015-05-20,d_1573,5,0,11516,0,0,0,0
2015-05-21,d_1574,6,0,11516,0,0,0,0
2015-05-22,d_1575,7,0,11516,0,0,0,0
2015-05-23,d_1576,1,0,11517,0,0,0,1
2015-05-24,d_1577,2,0,11517,0,0,0,1
2015-05-25,d_1578,3,1,11517,0,0,0,0
2015-05-26,d_1579,4,0,11517,0,0,0,0
2015-05-27,d_1580,5,0,11517,0,0,0,0
2015-05-28,d_1581,6,0,11517,0,0,0,0
2015-05-29,d_1582,7,0,11517,0,0,0,0
2015-05-30,d_1583,1,0,11518,0,0,0,1
2015-05-31,d_1584,2,0,11518,0,0,0,1
2015-06-01,d_1585,3,0,11518,1,1,0,0
2015-06-02,d_1586,4,0,11518,1,0,1,0
2015-06-03,d_1587,5,0,11518,1,1,1,0
2015-06-04,d_1588,6,1,11518,1,0,0,0
2015-06-05,d_1589,7,0,11518,1,1,1,0
2015-06-06,d_1590,1,0,11519,1,1,1,1
2015-06-07,d_1591,2,0,11519,1,1,0,1
2015-06-08,d_1592,3,0,11519,1,0,1,0
2015-06-09,d_1593,4,0,11519,1,1,1,0
2015-06-10,d_1594,5,0,11519,1,0,0,0
2015-06-11,d_1595,6,0,11519,0,1,1,0
2015-06-12,d_1596,7,0,11519,0,1,1,0
2015-06-13,d_1597,1,0,11520,0,1,0,1
2015-06-14,d_1598,2,0,11520,0,0,1,1
2015-06-15,d_1599,3,0,11520,0,1,1,0
2015-06-16,d_1600,4,1,11520,0,0,0,0
2015-06-17,d_1601,5,0,11520,0,0,0,0
2015-06-18,d_1602,6,1,11520,0,0,0,0
2015-06-19,d_1603,7,0,11520,0,0,0,0
2015-06-20,d_1604,1,0,11521,0,0,0,1
2015-06-21,d_1605,2,1,11521,0,0,0,1
2015-06-22,d_1606,3,0,11521,0,0,0,0
2015-06-23,d_1607,4,0,11521,0,0,0,0
2015-06-24,d_1608,5,0,11521,0,0,0,0
2015-06-25,d_1609,6,0,11521,0,0,0,0
2015-06-26,d_1610,7,0,11521,0,0,0,0
2015-06-27,d_1611,1,0,11522,0,0,0,1
2015-06-28,d_1612,2,0,11522,0,0,0,1
2015-06-29,d_1613,3,0,11522,0,0,0,0
2015-06-30,d_1614,4,0,11522,0,0,0,0
2015-07-01,d_1615,5,0,11522,1,1,0,0
2015-07-02,d_1616,6,0,11522,1,0,1,0
2015-07-03,d_1617,7,0,11522,1,1,1,0
2015-07-04,d_1618,1,1,11523,1,0,0,1
2015-07-05,d_1619,2,0,11523,1,1,1,1
2015-07-06,d_1620,3,0,11523,1,1,1,0
2015-07-07,d_1621,4,0,11523,1,1,0,0
2015-07-08,d_1622,5,0,11523,1,0,1,0
2015-07-09,d_1623,6,0,11523,1,1,1,0
2015-07-10,d_1624,7,0,11523,1,0,0,0
2015-07-11,d_1625,1,0,11524,0,1,1,1
2015-07-12,d_1626,2,0,11524,0,1,1,1
2015-07-13,d_1627,3,0,11524,0,1,0,0
2015-07-14,d_1628,4,0,11524,0,0,1,0
2015-07-15,d_1629,5,0,11524,0,1,1,0
2015-07-16,d_1630,6,0,11524,0,0,0,0
2015-07-17,d_1631,7,0,11524,0,0,0,0
2015-07-18,d_1632,1,1,11525,0,0,0,1
2015-07-19,d_1633,2,0,11525,0,0,0,1
2015-07-20,d_1634,3,0,11525,0,0,0,0
2015-07-21,d_1635,4,0,11525,0,0,0,0
2015-07-22,d_1636,5,0,11525,0,0,0,0
2015-07-23,d_1637,6,0,11525,0,0,0,0
2015-07-24,d_1638,7,0,11525,0,0,0,0
2015-07-25,d_1639,1,0,11526,0,0,0,1
2015-07-26,d_1640,2,0,11526,0,0,0,1
2015-07-27,d_1641,3,0,11526,0,0,0,0
2015-07-28,d_1642,4,0,11526,0,0,0,0
2015-07-29,d_1643,5,0,11526,0,0,0,0
2015-07-30,d_1644,6,0,11526,0,0,0,0
2015-07-31,d_1645,7,0,11526,0,0,0,0
2015-08-01,d_1646,1,0,11527,1,1,0,1
2015-08-02,d_1647,2,0,11527,1,0,1,1
2015-08-03,d_1648,3,0,11527,1,1,1,0
2015-08-04,d_1649,4,0,11527,1,0,0,0
2015-08-05,d_1650,5,0,11527,1,1,1,0
2015-08-06,d_1651,6,0,11527,1,1,1,0
2015-08-07,d_1652,7,0,11527,1,1,0,0
2015-08-08,d_1653,1,0,11528,1,0,1,1
2015-08-09,d_1654,2,0,11528,1,1,1,1
2015-08-10,d_1655,3,0,11528,1,0,0,0
2015-08-11,d_1656,4,0,11528,0,1,1,0
2015-08-12,d_1657,5,0,11528,0,1,1,0
2015-08-13,d_1658,6,0,11528,0,1,0,0
2015-08-14,d_1659,7,0,11528,0,0,1,0
2015-08-15,d_1660,1,0,11529,0,1,1,1
2015-08-16,d_1661,2,0,11529,0,0,0,1
2015-08-17,d_1662,3,0,11529,0,0,0,0
2015-08-18,d_1663,4,0,11529,0,0,0,0
2015-08-19,d_1664,5,0,11529,0,0,0,0
2015-08-20,d_1665,6,0,11529,0,0,0,0
2015-08-21,d_1666,7,0,11529,0,0,0,0
2015-08-22,d_1667,1,0,11530,0,0,0,1
2015-08-23,d_1668,2,0,11530,0,0,0,1
2015-08-24,d_1669,3,0,11530,0,0,0,0
2015-08-25,d_1670,4,0,11530,0,0,0,0
2015-08-26,d_1671,5,0,11530,0,0,0,0
2015-08-27,d_1672,6,0,11530,0,0,0,0
2015-08-28,d_1673,7,0,11530,0,0,0,0
2015-08-29,d_1674,1,0,11531,0,0,0,1
2015-08-30,d_1675,2,0,11531,0,0,0,1
2015-08-31,d_1676,3,0,11531,0,0,0,0
2015-09-01,d_1677,4,0,11531,1,1,0,0
2015-09-02,d_1678,5,0,11531,1,0,1,0
2015-09-03,d_1679,6,0,11531,1,1,1,0
2015-09-04,d_1680,7,0,11531,1,0,0,0
2015-09-05,d_1681,1,0,11532,1,1,1,1
2015-09-06,d_1682,2,0,11532,1,1,1,1
2015-09-07,d_1683,3,1,11532,1,1,0,0
2015-09-08,d_1684,4,0,11532,1,0,1,0
2015-09-09,d_1685,5,0,11532,1,1,1,0
2015-09-10,d_1686,6,0,11532,1,0,0,0
2015-09-11,d_1687,7,0,11532,0,1,1,0
2015-09-12,d_1688,1,0,11533,0,1,1,1
2015-09-13,d_1689,2,0,11533,0,1,0,1
2015-09-14,d_1690,3,0,11533,0,0,1,0
2015-09-15,d_1691,4,0,11533,0,1,1,0
2015-09-16,d_1692,5,0,11533,0,0,0,0
2015-09-17,d_1693,6,0,11533,0,0,0,0
2015-09-18,d_1694,7,0,11533,0,0,0,0
2015-09-19,d_1695,1,0,11534,0,0,0,1
2015-09-20,d_1696,2,0,11534,0,0,0,1
2015-09-21,d_1697,3,0,11534,0,0,0,0
2015-09-22,d_1698,4,0,11534,0,0,0,0
2015-09-23,d_1699,5,0,11534,0,0,0,0
2015-09-24,d_1700,6,1,11534,0,0,0,0
2015-09-25,d_1701,7,0,11534,0,0,0,0
2015-09-26,d_1702,1,0,11535,0,0,0,1
2015-09-27,d_1703,2,0,11535,0,0,0,1
2015-09-28,d_1704,3,0,11535,0,0,0,0
2015-09-29,d_1705,4,0,11535,0,0,0,0
2015-09-30,d_1706,5,0,11535,0,0,0,0
2015-10-01,d_1707,6,0,11535,1,1,0,0
2015-10-02,d_1708,7,0,11535,1,0,1,0
2015-10-03,d_1709,1,0,11536,1,1,1,1
2015-10-04,d_1710,2,0,11536,1,0,0,1
2015-10-05,d_1711,3,0,11536,1,1,1,0
2015-10-06,d_1712,4,0,11536,1,1,1,0
2015-10-07,d_1713,5,0,11536,1,1,0,0
2015-10-08,d_1714,6,0,11536,1,0,1,0
2015-10-09,d_1715,7,0,11536,1,1,1,0
2015-10-10,d_1716,1,0,11537,1,0,0,1
2015-10-11,d_1717,2,0,11537,0,1,1,1
2015-10-12,d_1718,3,1,11537,0,1,1,0
2015-10-13,d_1719,4,0,11537,0,1,0,0
2015-10-14,d_1720,5,0,11537,0,0,1,0
2015-10-15,d_1721,6,0,11537,0,1,1,0
2015-10-16,d_1722,7,0,11537,0,0,0,0
2015-10-17,d_1723,1,0,11538,0,0,0,1
2015-10-18,d_1724,2,0,11538,0,0,0,1
2015-10-19,d_1725,3,0,11538,0,0,0,0
2015-10-20,d_1726,4,0,11538,0,0,0,0
2015-10-21,d_1727,5,0,11538,0,0,0,0
2015-10-22,d_1728,6,0,11538,0,0,0,0
2015-10-23,d_1729,7,0,11538,0,0,0,0
2015-10-24,d_1730,1,0,11539,0,0,0,1
2015-10-25,d_1731,2,0,11539,0,0,0,1
2015-10-26,d_1732,3,0,11539,0,0,0,0
2015-10-27,d_1733,4,0,11539,0,0,0,0
2015-10-28,d_1734,5,0,11539,0,0,0,0
2015-10-29,d_1735,6,0,11539,0,0,0,0
2015-10-30,d_1736,7,0,11539,0,0,0,0
2015-10-31,d_1737,1,1,11540,0,0,0,1
2015-11-01,d_1738,2,0,11540,1,1,0,1
2015-11-02,d_1739,3,0,11540,1,0,1,0
2015-11-03,d_1740,4,0,11540,1,1,1,0
2015-11-04,d_1741,5,0,11540,1,0,0,0
2015-11-05,d_1742,6,0,11540,1,1,1,0
2015-11-06,d_1743,7,0,11540,1,1,1,0
2015-11-07,d_1744,1,0,11541,1,1,0,1
2015-11-08,d_1745,2,0,11541,1,0,1,1
2015-11-09,d_1746,3,0,11541,1,1,1,0
2015-11-10,d_1747,4,0,11541,1,0,0,0
2015-11-11,d_1748,5,1,11541,0,1,1,0
2015-11-12,d_1749,6,0,11541,0,1,1,0
2015-11-13,d_1750,7,0,11541,0,1,0,0
2015-11-14,d_1751,1,0,11542,0,0,1,1
2015-11-15,d_1752,2,0,11542,0,1,1,1
2015-11-16,d_1753,3,0,11542,0,0,0,0
2015-11-17,d_1754,4,0,11542,0,0,0,0
2015-11-18,d_1755,5,0,11542,0,0,0,0
2015-11-19,d_1756,6,0,11542,0,0,0,0
2015-11-20,d_1757,7,0,11542,0,0,0,0
2015-11-21,d_1758,1,0,11543,0,0,0,1
2015-11-22,d_1759,2,0,11543,0,0,0,1
2015-11-23,d_1760,3,0,11543,0,0,0,0
2015-11-24,d_1761,4,0,11543,0,0,0,0
2015-11-25,d_1762,5,0,11543,0,0,0,0
2015-11-26,d_1763,6,1,11543,0,0,0,0
2015-11-27,d_1764,7,0,11543,0,0,0,0
2015-11-28,d_1765,1,0,11544,0,0,0,1
2015-11-29,d_1766,2,0,11544,0,0,0,1
2015-11-30,d_1767,3,0,11544,0,0,0,0
2015-12-01,d_1768,4,0,11544,1,1,0,0
2015-12-02,d_1769,5,0,11544,1,0,1,0
2015-12-03,d_1770,6,0,11544,1,1,1,0
2015-12-04,d_1771,7,0,11544,1,0,0,0
2015-12-05,d_1772,1,0,11545,1,1,1,1
2015-12-06,d_1773,2,0,11545,1,1,1,1
2015-12-07,d_1774,3,0,11545,1,1,0,0
2015-12-08,d_1775,4,0,11545,1,0,1,0
2015-12-09,d_1776,5,0,11545,1,1,1,0
2015-12-10,d_1777,6,0,11545,1,0,0,0
2015-12-11,d_1778,7,0,11545,0,1,1,0
2015-12-12,d_1779,1,0,11546,0,1,1,1
2015-12-13,d_1780,2,0,11546,0,1,0,1
2015-12-14,d_1781,3,1,11546,0,0,1,0
2015-12-15,d_1782,4,0,11546,0,1,1,0
2015-12-16,d_1783,5,0,11546,0,0,0,0
2015-12-17,d_1784,6,0,11546,0,0,0,0
2015-12-18,d_1785,7,0,11546,0,0,0,0
2015-12-19,d_1786,1,0,11547,0,0,0,1
2015-12-20,d_1787,2,0,11547,0,0,0,1
2015-12-21,d_1788,3,0,11547,0,0,0,0
2015-12-22,d_1789,4,0,11547,0,0,0,0
2015-12-23,d_1790,5,0,11547,0,0,0,0
2015-12-24,d_1791,6,0,11547,0,0,0,0
2015-12-25,d_1792,7,1,11547,0,0,0,0
2015-12-26,d_1793,1,0,11548,0,0,0,1
2015-12-27,d_1794,2,0,11548,0,0,0,1
2015-12-28,d_1795,3,0,11548,0,0,0,0
2015-12-29,d_1796,4,0,11548,0,0,0,0
2015-12-30,d_1797,5,0,11548,0,0,0,0
2015-12-31,d_1798,6,0,11548,0,0,0,0
2016-01-01,d_1799,7,1,11548,1,1,0,0
2016-01-02,d_1800,1,0,11549,1,0,1,1
2016-01-03,d_1801,2,0,11549,1,1,1,1
2016-01-04,d_1802,3,0,11549,1,0,0,0
2016-01-05,d_1803,4,0,11549,1,1,1,0
2016-01-06,d_1804,5,0,11549,1,1,1,0
2016-01-07,d_1805,6,1,11549,1,1,0,0
2016-01-08,d_1806,7,0,11549,1,0,1,0
2016-01-09,d_1807,1,0,11550,1,1,1,1
2016-01-10,d_1808,2,0,11550,1,0,0,1
2016-01-11,d_1809,3,0,11550,0,1,1,0
2016-01-12,d_1810,4,0,11550,0,1,1,0
2016-01-13,d_1811,5,0,11550,0,1,0,0
2016-01-14,d_1812,6,0,11550,0,0,1,0
2016-01-15,d_1813,7,0,11550,0,1,1,0
2016-01-16,d_1814,1,0,11551,0,0,0,1
2016-01-17,d_1815,2,0,11551,0,0,0,1
2016-01-18,d_1816,3,1,11551,0,0,0,0
2016-01-19,d_1817,4,0,11551,0,0,0,0
2016-01-20,d_1818,5,0,11551,0,0,0,0
2016-01-21,d_1819,6,0,11551,0,0,0,0
2016-01-22,d_1820,7,0,11551,0,0,0,0
2016-01-23,d_1821,1,0,11552,0,0,0,1
2016-01-24,d_1822,2,0,11552,0,0,0,1
2016-01-25,d_1823,3,0,11552,0,0,0,0
2016-01-26,d_1824,4,0,11552,0,0,0,0
2016-01-27,d_1825,5,0,11552,0,0,0,0
2016-01-28,d_1826,6,0,11552,0,0,0,0
2016-01-29,d_1827,7,0,11552,0,0,0,0
2016-01-30,d_1828,1,0,11601,0,0,0,1
2016-01-31,d_1829,2,0,11601,0,0,0,1
2016-02-01,d_1830,3,0,11601,1,1,0,0
2016-02-02,d_1831,4,0,11601,1,0,1,0
2016-02-03,d_1832,5,0,11601,1,1,1,0
2016-02-04,d_1833,6,0,11601,1,0,0,0
2016-02-05,d_1834,7,0,11601,1,1,1,0
2016-02-06,d_1835,1,0,11602,1,1,1,1
2016-02-07,d_1836,2,1,11602,1,1,0,1
2016-02-08,d_1837,3,0,11602,1,0,1,0
2016-02-09,d_1838,4,0,11602,1,1,1,0
2016-02-10,d_1839,5,1,11602,1,0,0,0
2016-02-11,d_1840,6,0,11602,0,1,1,0
2016-02-12,d_1841,7,0,11602,0,1,1,0
2016-02-13,d_1842,1,0,11603,0,1,0,1
2016-02-14,d_1843,2,1,11603,0,0,1,1
2016-02-15,d_1844,3,1,11603,0,1,1,0
2016-02-16,d_1845,4,0,11603,0,0,0,0
2016-02-17,d_1846,5,1,11603,0,0,0,0
2016-02-18,d_1847,6,0,11603,0,0,0,0
2016-02-19,d_1848,7,0,11603,0,0,0,0
2016-02-20,d_1849,1,0,11604,0,0,0,1
2016-02-21,d_1850,2,0,11604,0,0,0,1
2016-02-22,d_1851,3,0,11604,0,0,0,0
2016-02-23,d_1852,4,0,11604,0,0,0,0
2016-02-24,d_1853,5,0,11604,0,0,0,0
2016-02-25,d_1854,6,0,11604,0,0,0,0
2016-02-26,d_1855,7,0,11604,0,0,0,0
2016-02-27,d_1856,1,0,11605,0,0,0,1
2016-02-28,d_1857,2,0,11605,0,0,0,1
2016-02-29,d_1858,3,0,11605,0,0,0,0
2016-03-01,d_1859,4,0,11605,1,1,0,0
2016-03-02,d_1860,5,0,11605,1,0,1,0
2016-03-03,d_1861,6,0,11605,1,1,1,0
2016-03-04,d_1862,7,0,11605,1,0,0,0
2016-03-05,d_1863,1,0,11606,1,1,1,1
2016-03-06,d_1864,2,0,11606,1,1,1,1
2016-03-07,d_1865,3,0,11606,1,1,0,0
2016-03-08,d_1866,4,0,11606,1,0,1,0
2016-03-09,d_1867,5,0,11606,1,1,1,0
2016-03-10,d_1868,6,0,11606,1,0,0,0
2016-03-11,d_1869,7,0,11606,0,1,1,0
2016-03-12,d_1870,1,0,11607,0,1,1,1
2016-03-13,d_1871,2,0,11607,0,1,0,1
2016-03-14,d_1872,3,0,11607,0,0,1,0
2016-03-15,d_1873,4,0,11607,0,1,1,0
2016-03-16,d_1874,5,0,11607,0,0,0,0
2016-03-17,d_1875,6,1,11607,0,0,0,0
2016-03-18,d_1876,7,0,11607,0,0,0,0
2016-03-19,d_1877,1,0,11608,0,0,0,1
2016-03-20,d_1878,2,0,11608,0,0,0,1
2016-03-21,d_1879,3,0,11608,0,0,0,0
2016-03-22,d_1880,4,0,11608,0,0,0,0
2016-03-23,d_1881,5,0,11608,0,0,0,0
2016-03-24,d_1882,6,1,11608,0,0,0,0
2016-03-25,d_1883,7,0,11608,0,0,0,0
2016-03-26,d_1884,1,0,11609,0,0,0,1
2016-03-27,d_1885,2,1,11609,0,0,0,1
2016-03-28,d_1886,3,0,11609,0,0,0,0
2016-03-29,d_1887,4,0,11609,0,0,0,0
2016-03-30,d_1888,5,0,11609,0,0,0,0
2016-03-31,d_1889,6,0,11609,0,0,0,0
2016-04-01,d_1890,7,0,11609,1,1,0,0
2016-04-02,d_1891,1,0,11610,1,0,1,1
2016-04-03,d_1892,2,0,11610,1,1,1,1
2016-04-04,d_1893,3,0,11610,1,0,0,0
2016-04-05,d_1894,4,0,11610,1,1,1,0
2016-04-06,d_1895,5,0,11610,1,1,1,0
2016-04-07,d_1896,6,0,11610,1,1,0,0
2016-04-08,d_1897,7,0,11610,1,0,1,0
2016-04-09,d_1898,1,0,11611,1,1,1,1
2016-04-10,d_1899,2,0,11611,1,0,0,1
2016-04-11,d_1900,3,0,11611,0,1,1,0
2016-04-12,d_1901,4,0,11611,0,1,1,0
2016-04-13,d_1902,5,0,11611,0,1,0,0
2016-04-14,d_1903,6,0,11611,0,0,1,0
2016-04-15,d_1904,7,0,11611,0,1,1,0
2016-04-16,d_1905,1,0,11612,0,0,0,1
2016-04-17,d_1906,2,0,11612,0,0,0,1
2016-04-18,d_1907,3,0,11612,0,0,0,0
2016-04-19,d_1908,4,0,11612,0,0,0,0
2016-04-20,d_1909,5,0,11612,0,0,0,0
2016-04-21,d_1910,6,0,11612,0,0,0,0
2016-04-22,d_1911,7,0,11612,0,0,0,0
2016-04-23,d_1912,1,0,11613,0,0,0,1
2016-04-24,d_1913,2,0,11613,0,0,0,1
2016-04-25,d_1914,3,0,11613,0,0,0,0
2016-04-26,d_1915,4,0,11613,0,0,0,0
2016-04-27,d_1916,5,0,11613,0,0,0,0
2016-04-28,d_1917,6,0,11613,0,0,0,0
2016-04-29,d_1918,7,0,11613,0,0,0,0
2016-04-30,d_1919,1,1,11614,0,0,0,1
2016-05-01,d_1920,2,1,11614,1,1,0,1
2016-05-02,d_1921,3,0,11614,1,0,1,0
2016-05-03,d_1922,4,0,11614,1,1,1,0
2016-05-04,d_1923,5,0,11614,1,0,0,0
2016-05-05,d_1924,6,1,11614,1,1,1,0
2016-05-06,d_1925,7,0,11614,1,1,1,0
2016-05-07,d_1926,1,0,11615,1,1,0,1
2016-05-08,d_1927,2,1,11615,1,0,1,1
2016-05-09,d_1928,3,0,11615,1,1,1,0
2016-05-10,d_1929,4,0,11615,1,0,0,0
2016-05-11,d_1930,5,0,11615,0,1,1,0
2016-05-12,d_1931,6,0,11615,0,1,1,0
2016-05-13,d_1932,7,0,11615,0,1,0,0
2016-05-14,d_1933,1,0,11616,0,0,1,1
2016-05-15,d_1934,2,0,11616,0,1,1,1
2016-05-16,d_1935,3,0,11616,0,0,0,0
2016-05-17,d_1936,4,0,11616,0,0,0,0
2016-05-18,d_1937,5,0,11616,0,0,0,0
2016-05-19,d_1938,6,0,11616,0,0,0,0
2016-05-20,d_1939,7,0,11616,0,0,0,0
2016-05-21,d_1940,1,0,11617,0,0,0,1
2016-05-22,d_1941,2,0,11617,0,0,0,1
2016-05-23,d_1942,3,0,11617,0,0,0,0
2016-05-24,d_1943,4,0,11617,0,0,0,0
2016-05-25,d_1944,5,0,11617,0,0,0,0
2016-05-26,d_1945,6,0,11617,0,0,0,0
2016-05-27,d_1946,7,0,11617,0,0,0,0
2016-05-28,d_1947,1,0,11618,0,0,0,1
2016-05-29,d_1948,2,0,11618,0,0,0,1
2016-05-30,d_1949,3,1,11618,0,0,0,0
2016-05-31,d_1950,4,0,11618,0,0,0,0
2016-06-01,d_1951,5,0,11618,1,1,0,0
2016-06-02,d_1952,6,1,11618,1,0,1,0
2016-06-03,d_1953,7,0,11618,1,1,1,0
2016-06-04,d_1954,1,0,11619,1,0,0,1
2016-06-05,d_1955,2,0,11619,1,1,1,1
2016-06-06,d_1956,3,0,11619,1,1,1,0
2016-06-07,d_1957,4,1,11619,1,1,0,0
2016-06-08,d_1958,5,0,11619,1,0,1,0
2016-06-09,d_1959,6,0,11619,1,1,1,0
2016-06-10,d_1960,7,0,11619,1,0,0,0
2016-06-11,d_1961,1,0,11620,0,1,1,1
2016-06-12,d_1962,2,0,11620,0,1,1,1
2016-06-13,d_1963,3,0,11620,0,1,0,0
2016-06-14,d_1964,4,0,11620,0,0,1,0
2016-06-15,d_1965,5,0,11620,0,1,1,0
2016-06-16,d_1966,6,0,11620,0,0,0,0
2016-06-17,d_1967,7,0,11620,0,0,0,0
2016-06-18,d_1968,1,0,11621,0,0,0,1
2016-06-19,d_1969,2,1,11621,0,0,0,1
